,Bal,Brick,Dist,Floor,Kitsp,Livesp,Metrdist,New,Nfloors,Price,Rooms,Tel,Totsp,Walk,lat,lon
0,True,False,0.04151562175856277,3,12.1,66.8,2,False,7,93000000,3,False,142.0,True,55.750038,37.57846
1,True,False,0.02053887730622087,7,16.0,116.0,8,False,7,62234214,4,True,172.0,True,55.773024,37.612829
2,False,False,0.02635504403334961,3,20.0,86.8,9,False,7,81280000,3,True,146.3,True,55.744023999999996,37.644324
3,False,True,0.057014074797366136,2,5.0,12.8,5,False,5,4814581,1,False,17.3,True,55.77629399999999,37.672163
4,False,False,0.057014074797366136,2,4.0,17.3,5,False,6,4814581,1,False,17.3,True,55.77629399999999,37.672163
5,False,False,0.02912076388077502,5,8.0,27.0,5,False,5,5000000,1,True,35.0,True,55.777829000000004,37.603496
6,False,True,0.057014074797366136,5,5.0,13.3,5,False,5,5377566,1,False,18.3,True,55.77629399999999,37.672163
7,False,True,0.056594642511457724,5,6.0,18.3,6,True,9,5377566,1,False,18.3,True,55.775753,37.671938
8,False,True,0.056594642511457724,2,7.0,23.7,6,True,7,5496232,1,False,23.7,True,55.775753,37.671938
9,False,False,0.057014074797366136,2,6.0,23.7,5,False,6,5496232,1,False,23.7,True,55.77629399999999,37.672163
10,False,True,0.05838668054445498,1,7.0,20.0,4,False,9,5500000,1,True,32.0,True,55.730101,37.673214
11,True,False,0.09737198521648666,3,7.0,16.0,10,False,5,5999000,1,True,30.0,True,55.756356000000004,37.522477
12,False,False,0.08138045213071718,5,7.0,20.0,10,False,5,6000000,1,True,32.0,True,55.764551000000004,37.539158
13,False,True,0.0968155354733934,1,9.0,20.0,13,False,12,6000000,1,True,35.0,True,55.753387,37.522998
14,True,True,0.0595988253659407,12,10.0,20.0,10,False,12,6100000,1,True,36.0,True,55.737988,37.677301
15,True,True,0.07266606840197135,1,9.6,20.0,10,False,1,6200000,1,True,37.4,True,55.77579300000001,37.689042
16,False,True,0.056594642511457724,4,8.0,25.5,6,True,8,6258687,1,False,25.5,True,55.775753,37.671938
17,False,True,0.057014074797366136,4,7.0,17.0,5,False,4,6258687,1,False,25.5,True,55.77629399999999,37.672163
18,False,True,0.056594642511457724,2,9.0,32.6,6,True,7,6285999,1,False,32.6,True,55.775753,37.671938
19,False,True,0.06984229925339043,1,8.0,18.0,12,False,4,6300000,1,True,35.0,False,55.778521999999995,37.685099
20,False,False,0.05693732794924593,3,7.0,29.5,5,False,6,6325576,1,False,29.5,True,55.775824,37.67228
21,False,True,0.057014074797366136,3,8.0,19.3,5,False,4,6325576,1,False,30.0,True,55.77629399999999,37.672163
22,False,True,0.057014074797366136,3,8.0,21.1,5,False,4,6437035,1,False,33.5,True,55.77629399999999,37.672163
23,False,True,0.056594642511457724,3,9.0,33.4,6,True,8,6437035,1,False,33.4,True,55.775753,37.671938
24,False,True,0.057014074797366136,4,7.0,18.6,5,False,4,6449418,1,False,28.5,True,55.77629399999999,37.672163
25,False,True,0.056594642511457724,3,8.0,28.2,6,True,8,6467402,1,False,28.2,True,55.775753,37.671938
26,False,False,0.09789416254302727,2,8.0,20.5,11,False,5,6500000,1,True,36.8,True,55.751360999999996,37.521947
27,False,True,0.056594642511457724,4,9.0,33.2,6,True,9,6521566,1,False,33.2,True,55.775753,37.671938
28,True,False,0.0540130588839386,7,12.2,26.6,5,True,13,29634768,1,False,68.1,True,55.726762,37.573002
29,True,False,0.03257940842004308,4,15.0,37.0,6,False,7,31400000,2,False,76.0,True,55.731272,37.643435
30,True,False,0.02877113040879898,7,9.0,49.0,11,False,9,41000000,2,False,62.0,True,55.764444999999995,37.59312
31,False,True,0.056594642511457724,4,8.0,28.1,6,True,9,6577730,1,False,28.1,True,55.775753,37.671938
32,False,True,0.056594642511457724,2,8.0,27.9,6,True,7,6597337,1,False,27.9,True,55.775753,37.671938
33,True,True,0.10100175369764433,2,10.0,18.0,10,False,12,6600000,1,True,34.0,True,55.758564,37.518928
34,True,False,0.061667322310927024,5,6.0,18.0,5,False,9,6600000,2,False,33.1,True,55.730030000000006,37.676753000000005
35,True,False,0.061667322310927024,5,5.6,20.2,5,False,9,6600000,1,True,33.1,True,55.730030000000006,37.676753000000005
36,False,False,0.06604857352736594,5,7.0,27.8,7,True,19,6690600,2,True,41.2,True,55.745617,37.685364
37,True,False,0.07761312273062933,4,7.0,19.0,15,False,5,6800000,1,False,31.0,True,55.759537,37.542419
38,True,True,0.05959732538461957,9,8.0,17.0,9,False,12,6850000,1,True,32.0,True,55.734962,37.676384999999996
39,False,True,0.056594642511457724,1,8.0,25.4,6,True,6,6889376,1,False,25.4,True,55.775753,37.671938
40,False,False,0.06604857352736594,4,7.0,27.8,7,True,19,6980600,2,True,41.3,True,55.745617,37.685364
41,False,False,0.06604857352736594,5,7.0,23.4,7,True,19,6980600,2,True,42.0,True,55.745617,37.685364
42,False,True,0.040922590582704116,5,7.5,17.6,6,False,9,6998000,1,True,33.0,True,55.789345,37.639931
43,False,False,0.06606026631039068,2,5.0,22.0,10,False,9,7000000,2,False,35.0,True,55.735302000000004,37.683257
44,False,False,0.057550513472946874,20,10.0,25.0,7,True,44,7000000,1,True,42.0,True,55.77024399999999,37.564689
45,True,True,0.06606026631039068,5,6.0,22.0,16,False,9,7050000,2,False,34.0,True,55.735302000000004,37.683257
46,True,False,0.057550513472946874,29,10.0,27.4,7,True,44,7140000,1,False,41.8,True,55.77024399999999,37.564689
47,False,True,0.07483510370140219,4,7.0,25.0,12,False,5,7200000,1,False,27.0,True,55.774719999999995,37.691638
48,True,False,0.06545589484530963,3,6.0,19.0,15,False,9,7200000,1,False,32.0,True,55.733472,37.682062
49,False,False,0.0623678606735873,2,6.0,18.0,4,False,9,7200000,1,False,31.0,True,55.774011,37.678784
50,True,True,0.055007191711627684,8,6.0,16.0,12,False,16,7200000,1,True,30.0,True,55.740770999999995,37.673277
51,False,False,0.05693732794924593,3,8.0,33.6,5,False,6,7220153,1,False,33.6,True,55.775824,37.67228
52,False,False,0.057550513472946874,20,10.0,31.8,11,True,44,7250000,1,True,41.9,True,55.77024399999999,37.564689
53,False,True,0.056594642511457724,3,9.0,32.5,6,True,8,7334891,1,False,32.5,True,55.775753,37.671938
54,True,True,0.04882968298074638,4,6.0,19.5,5,False,5,7400000,1,False,32.0,True,55.755353,37.668615
55,False,True,0.056594642511457724,2,8.0,27.6,6,True,7,7411462,1,False,27.6,True,55.775753,37.671938
56,True,False,0.02212880783051607,6,9.0,58.0,13,False,10,26481293,3,False,87.0,True,55.772679000000004,37.608419
57,False,True,0.021258679403952846,2,19.0,102.2,7,True,7,99450000,4,False,153.0,True,55.732498,37.618390000000005
58,False,True,0.015741623931471497,3,20.0,65.0,5,False,6,41277795,3,False,117.0,True,55.766749,37.628631
59,True,True,0.0815786543465851,5,6.0,30.0,15,False,5,7500000,2,True,45.0,True,55.75937,37.538431
60,True,True,0.07211833759869878,9,8.5,17.0,10,False,12,7500000,1,False,35.2,True,55.773731999999995,37.689096
61,False,True,0.056594642511457724,4,9.0,33.0,6,True,9,7584028,1,False,33.0,True,55.775753,37.671938
62,True,True,0.07627556046991522,2,6.0,36.0,15,False,5,7650000,2,True,43.0,True,55.762570999999994,37.544053999999996
63,True,True,0.07627556046991522,2,6.0,36.0,10,False,5,7650000,2,True,43.0,True,55.762570999999994,37.544053999999996
64,True,True,0.0303699354131635,8,8.0,21.4,5,False,16,7693500,1,False,34.0,True,55.774305000000005,37.642132000000004
65,False,True,0.057014074797366136,4,8.0,20.5,5,False,4,7764334,1,False,32.2,True,55.77629399999999,37.672163
66,False,False,0.056594642511457724,3,8.0,26.8,9,True,6,7787802,1,False,32.2,True,55.775753,37.671938
67,True,True,0.056962382832884226,3,6.0,21.0,4,False,5,7800000,1,True,32.0,True,55.76188199999999,37.56344
68,True,False,0.07204426157578561,7,6.0,20.0,13,False,9,7800000,1,True,31.0,True,55.764384,37.548564
69,False,True,0.056594642511457724,3,9.0,34.9,6,True,8,7838741,1,False,34.9,True,55.775753,37.671938
70,False,False,0.02386693935132556,3,6.0,15.0,4,False,5,7850000,1,False,24.0,True,55.77029399999999,37.636976000000004
71,False,True,0.056594642511457724,2,8.0,29.0,6,True,7,7863878,1,False,29.0,True,55.775753,37.671938
72,False,False,0.057014074797366136,2,7.0,29.0,5,False,6,7863878,1,False,29.0,True,55.77629399999999,37.672163
73,True,True,0.0303699354131635,3,9.0,19.0,5,False,16,7866000,1,True,34.0,True,55.774305000000005,37.642132000000004
74,True,False,0.06635873030732513,2,9.0,20.0,8,False,14,8000000,1,True,37.0,False,55.734141,37.683221
75,True,False,0.07295868565153621,5,5.6,29.2,7,False,5,8000000,2,True,43.4,True,55.754335,37.546857
76,True,True,0.0303699354131635,8,9.0,19.0,5,False,16,8002800,1,True,34.0,True,55.774305000000005,37.642132000000004
77,False,False,0.03412641558968665,2,10.0,25.0,5,True,5,8010090,2,True,39.0,True,55.721589,37.608284000000005
78,False,True,0.06502437872059957,2,9.0,15.0,7,False,17,8050000,1,True,35.0,True,55.743781000000006,37.684075
79,False,False,0.057550513472946874,3,10.0,31.4,5,True,39,8076150,1,False,41.1,True,55.77024399999999,37.564689
80,False,True,0.057014074797366136,2,10.0,35.5,5,False,5,8081363,2,False,55.2,True,55.77629399999999,37.672163
81,False,True,0.057014074797366136,2,13.0,32.3,5,False,5,8081363,1,False,55.2,True,55.77629399999999,37.672163
82,False,False,0.05693732794924593,2,9.0,55.2,5,False,6,8081363,2,False,55.2,True,55.775824,37.67228
83,True,False,0.057034791005142485,3,6.0,19.0,10,False,5,8100000,1,True,31.0,True,55.757962,37.562937
84,True,False,0.017899590190843168,5,19.0,94.5,5,True,6,76234000,4,False,151.4,True,55.736909,37.62599
85,False,True,0.023727139418819168,2,15.0,89.0,11,False,4,55000000,4,True,117.0,True,55.762586,37.597809000000005
86,True,False,0.052273106814117606,9,16.0,94.5,10,False,11,93351321,3,False,142.0,True,55.734973,37.571013
87,False,False,0.05693732794924593,2,9.0,39.8,5,False,6,8112552,1,False,39.8,True,55.775824,37.67228
88,False,True,0.056594642511457724,2,10.0,39.8,6,True,7,8112552,1,False,39.8,True,55.775753,37.671938
89,True,True,0.02764053906855036,3,7.0,40.0,4,False,5,8150000,3,True,56.0,True,55.733655000000006,37.638835
90,False,True,0.057550513472946874,3,10.0,26.1,7,False,44,8157500,1,False,43.0,True,55.77024399999999,37.564689
91,True,True,0.0596349567619549,7,5.6,32.3,7,False,9,8200000,2,True,44.6,True,55.73083100000001,37.674884999999996
92,True,True,0.05526051629328022,12,9.0,18.0,11,False,12,8200000,1,True,36.0,True,55.766723999999996,37.673519
93,True,False,0.07878344283540856,2,8.5,20.0,15,False,5,8200000,1,True,40.0,True,55.76138100000001,37.541404
94,False,True,0.056594642511457724,5,9.0,30.6,6,True,9,8230204,1,False,30.6,True,55.775753,37.671938
95,False,False,0.056594642511457724,5,8.0,26.0,9,True,6,8230204,1,False,30.6,True,55.775753,37.671938
96,False,True,0.056594642511457724,4,8.0,28.6,6,True,8,8232146,1,False,28.6,True,55.775753,37.671938
97,False,True,0.06699216031745672,7,10.0,19.0,5,False,12,8299000,1,True,35.0,True,55.772639,37.684075
98,False,True,0.06699216031745672,7,10.0,17.0,5,False,12,8300000,1,True,35.0,False,55.772639,37.684075
99,False,True,0.056594642511457724,2,10.0,37.9,6,True,7,8375472,1,False,37.9,True,55.775753,37.671938
100,False,False,0.05027642207834481,5,6.0,19.0,7,False,5,8400000,1,True,31.0,True,55.762505000000004,37.570312
101,True,False,0.05174657056269565,9,5.1,19.0,6,False,9,8400000,1,True,32.0,True,55.771418000000004,37.668434999999995
102,True,False,0.08051343014677274,7,8.0,19.0,14,False,16,8400000,1,True,39.0,True,55.775262,37.697388000000004
103,False,True,0.051907676359091895,6,11.5,18.5,5,False,17,8500000,1,True,37.0,True,55.734805,37.668156
104,False,False,0.05267749087608881,1,6.0,26.6,7,False,9,8500000,2,False,42.0,True,55.755281999999994,37.567159000000004
105,True,True,0.04207508633384111,6,9.0,18.0,10,False,16,8500000,1,True,35.0,True,55.784859999999995,37.59153
106,True,True,0.06005488144189147,3,6.0,28.7,8,False,5,8500000,2,True,43.5,True,55.770537,37.562164
107,False,True,0.056594642511457724,4,10.0,37.0,6,True,9,8513060,1,False,37.0,True,55.775753,37.671938
108,True,True,0.08592376217321916,1,12.0,37.0,18,False,13,8600000,2,False,52.0,True,55.771034,37.703972
109,False,True,0.056594642511457724,4,10.0,36.8,6,True,9,8611226,1,False,36.8,True,55.775753,37.671938
110,False,False,0.055122784263856084,13,9.0,23.1,2,False,14,8650000,1,True,38.8,True,55.780046,37.668237
111,True,False,0.057550513472946874,2,16.0,20.0,7,True,44,8690500,1,True,45.5,True,55.77024399999999,37.564689
112,True,False,0.052273106814117606,9,16.0,94.5,10,False,11,93351321,3,False,142.0,True,55.734973,37.571013
113,False,False,0.056594642511457724,4,7.0,22.9,9,True,6,7183146,1,False,24.7,True,55.775753,37.671938
114,False,True,0.0260745743205933,3,13.0,163.0,9,False,8,497810207,4,True,261.3,True,55.742514,37.596264
115,True,False,0.03887343541546278,4,6.0,29.0,6,False,9,8700000,2,True,44.0,False,55.791343999999995,37.629546999999995
116,True,True,0.07012410345237648,12,8.0,19.0,10,False,17,8700000,1,True,39.0,True,55.742103,37.68897
117,False,True,0.056594642511457724,2,13.0,52.7,6,True,7,8839861,1,False,52.7,True,55.775753,37.671938
118,False,True,0.056594642511457724,2,11.0,40.3,6,True,7,8851913,1,False,40.3,True,55.775753,37.671938
119,False,True,0.056594642511457724,3,10.0,39.4,6,True,8,8896178,1,False,39.4,True,55.775753,37.671938
120,True,True,0.05860856955258655,12,10.5,20.0,3,False,22,8900000,1,True,40.0,False,55.745473,37.67784
121,True,True,0.06000697403635441,1,7.0,31.0,9,False,12,8900000,2,True,47.5,True,55.728591,37.67431
122,False,True,0.056594642511457724,3,11.0,43.7,6,True,8,8903736,1,False,43.7,True,55.775753,37.671938
123,False,True,0.056594642511457724,4,13.0,49.9,6,True,9,8943624,1,False,49.9,True,55.775753,37.671938
124,True,True,0.03936069157166937,3,5.0,18.0,11,False,9,9000000,1,True,31.0,True,55.765088,37.657493
125,False,True,0.0379594333598392,1,9.0,40.0,8,False,8,9000000,2,True,52.0,True,55.788054,37.635979
126,False,True,0.03749243208969009,4,7.0,17.0,4,False,12,9000000,1,True,33.0,True,55.753889,37.657305
127,True,True,0.061598280138326925,13,8.0,19.0,10,False,17,9000000,1,True,38.0,True,55.740705000000005,37.680023
128,False,True,0.060430019899053285,1,10.0,20.0,7,False,12,9000000,1,True,40.0,True,55.768060999999996,37.678514
129,True,True,0.057717166753052176,5,5.1,21.3,3,False,9,9000000,1,False,31.6,True,55.761872,37.562676
130,False,False,0.05082082045776088,1,8.0,16.0,9,False,16,9000000,1,True,36.7,True,55.771925,37.572369
131,False,False,0.05082082045776088,1,8.0,16.0,5,False,16,9000000,1,True,36.7,True,55.771925,37.572369
132,True,True,0.03945382906639161,7,7.2,31.0,7,False,12,9000000,2,True,48.0,True,55.787801,37.639671
133,True,False,0.057233685229942176,16,10.0,17.0,4,False,21,9000000,1,True,35.0,True,55.781934,37.669603
134,False,True,0.03965514802645335,4,10.0,34.0,3,False,6,9000000,2,True,54.0,True,55.771312,37.655347
135,True,True,0.031550626570643184,12,10.0,19.1,9,False,16,9100000,1,True,38.0,True,55.725995,37.634892
136,False,True,0.056594642511457724,3,13.0,53.3,6,True,8,9117548,1,False,53.3,True,55.775753,37.671938
137,False,False,0.05693732794924593,3,9.0,53.3,5,False,6,9117548,2,False,53.3,True,55.775824,37.67228
138,False,False,0.057550513472946874,4,11.0,33.7,5,True,39,9145500,1,False,45.5,True,55.77024399999999,37.564689
139,True,True,0.023337373738278374,16,9.7,19.0,5,False,16,9199000,1,True,34.2,True,55.776051,37.626556
140,False,False,0.033881933076495716,1,7.0,23.0,8,True,9,10800000,1,True,27.0,True,55.767514,37.588871000000005
141,True,False,0.0727999179738527,13,14.0,57.0,10,False,22,27800000,2,True,107.0,True,55.758072999999996,37.547144
142,True,False,0.05797668242491641,2,12.0,37.2,5,True,13,14891971,1,True,52.1,True,55.742073,37.67661
143,False,False,0.026975566815176214,1,6.0,29.0,6,False,5,9200000,2,True,44.0,True,55.779423,37.627966
144,True,True,0.06529691981250221,9,8.0,19.0,11,False,17,9200000,1,True,38.0,True,55.741080000000004,37.683877
145,False,False,0.057550513472946874,7,11.0,33.3,5,True,39,9230550,1,False,44.7,True,55.77024399999999,37.564689
146,True,False,0.08882088922095101,8,5.0,27.0,7,False,9,9300000,2,True,42.0,True,55.776598,37.705634
147,False,False,0.057014074797366136,2,9.0,42.6,5,False,6,9356608,1,False,42.6,True,55.77629399999999,37.672163
148,False,True,0.06242104548948117,1,6.0,22.0,2,False,9,9390000,2,True,37.0,True,55.774811,37.678559
149,False,True,0.056594642511457724,4,11.0,41.2,6,True,9,9395149,1,False,41.2,True,55.775753,37.671938
150,False,False,0.057550513472946874,7,11.0,33.2,5,True,39,9432900,1,False,44.6,True,55.77024399999999,37.564689
151,True,True,0.060430019899053285,11,7.5,22.2,5,False,12,9500000,2,True,39.5,True,55.768060999999996,37.678514
152,False,True,0.057060563001076925,6,10.0,20.0,5,False,18,9500000,1,False,38.5,True,55.746466000000005,37.676412
153,False,False,0.04003736317491667,5,9.0,21.0,7,False,13,9500000,1,False,40.0,False,55.733624,37.654447999999995
154,True,False,0.03899800324375431,3,6.0,29.0,9,False,5,9500000,2,True,43.0,True,55.73478000000001,37.653909000000006
155,True,True,0.050932054994868685,5,9.6,20.0,9,False,12,9500000,1,True,35.2,True,55.766693999999994,37.570564000000005
156,False,False,0.032854168989643995,1,7.0,18.0,4,False,5,9500000,1,False,30.0,True,55.769707,37.591117
157,True,False,0.0530119740530372,4,6.8,29.0,15,False,5,9500000,2,True,45.0,True,55.771641,37.569926
158,False,False,0.03965514802645335,2,6.0,27.0,5,False,6,9500000,2,True,39.0,True,55.771312,37.655347
159,False,True,0.056594642511457724,5,10.0,36.6,6,True,10,9574472,1,False,36.6,True,55.775753,37.671938
160,True,False,0.08497325119118225,1,7.0,30.0,11,False,14,9700000,2,True,50.0,True,55.77239599999999,37.702706
161,True,True,0.049173584260248066,3,6.0,32.0,11,False,17,9700000,2,True,38.0,True,55.741642000000006,37.667483000000004
162,True,True,0.03724909934481409,2,7.4,29.0,7,False,12,9700000,2,True,47.4,True,55.785878000000004,37.601034000000006
163,True,True,0.050932054994868685,3,9.0,20.0,9,False,12,9700000,1,True,35.0,True,55.766693999999994,37.570564000000005
164,False,False,0.057014074797366136,5,7.0,46.2,5,False,6,9768439,2,False,46.2,True,55.77629399999999,37.672163
165,False,False,0.056594642511457724,2,11.0,33.2,9,True,6,9769141,1,False,44.5,True,55.775753,37.671938
166,True,False,0.056594642511457724,3,10.0,45.0,5,False,5,9800000,1,False,60.0,True,55.775753,37.671938
167,True,False,0.09023915718245383,6,7.0,42.0,8,False,9,9800000,3,True,58.0,True,55.777742,37.706793
168,False,False,0.027002622113414573,5,17.0,70.0,8,False,6,56000000,5,True,152.0,True,55.762358,37.645393
169,True,False,0.03000165817084342,4,17.4,98.0,9,False,6,87000000,3,True,143.0,True,55.743086,37.591755
170,True,False,0.0711800766858253,13,21.0,90.0,10,False,21,105000000,4,True,181.4,True,55.761557999999994,37.549067
171,True,False,0.0420934421495788,4,10.0,20.2,9,True,13,9822900,1,True,41.1,True,55.770853,37.658257
172,True,True,0.04671735588622546,6,8.0,32.0,3,False,7,9850000,2,False,55.0,False,55.731739000000005,37.661042
173,False,False,0.05693732794924593,3,7.0,59.1,5,False,6,9886025,3,False,59.1,True,55.775824,37.67228
174,True,True,0.03945382906639161,7,8.0,32.0,12,False,12,9900000,2,False,49.0,True,55.787801,37.639671
175,True,False,0.02739638213341306,10,9.1,19.5,3,False,14,9900000,1,True,38.0,True,55.730086,37.633688
176,False,True,0.036523068340432036,7,8.0,15.0,7,False,8,9900000,1,True,30.0,True,55.765949,37.654224
177,True,False,0.057034791005142485,4,5.5,28.6,10,False,5,9900000,2,True,42.6,True,55.757962,37.562937
178,False,False,0.057014074797366136,1,7.0,46.2,5,False,6,9930382,2,False,46.2,True,55.77629399999999,37.672163
179,False,False,0.0406701053477821,1,5.0,27.0,10,False,8,9950000,2,True,40.0,True,55.747459,37.66
180,True,True,0.03792599174708874,5,10.0,20.0,12,False,8,9990000,1,False,35.0,True,55.740472,37.584272
181,False,False,0.02476310517685456,3,4.0,24.0,4,False,5,10000000,2,False,33.0,True,55.770942000000005,37.637596
182,False,True,0.06723544887185398,2,9.7,19.9,3,False,12,10000000,1,True,34.8,True,55.744662,37.686437
183,True,False,0.039239166976378116,3,7.8,30.0,8,False,8,10000000,2,True,46.0,True,55.792124,37.627813
184,True,True,0.0968155354733934,9,10.0,20.0,10,False,12,9999999,1,True,35.1,True,55.753387,37.522998
185,True,True,0.05808377798490889,8,8.0,23.0,4,False,9,10000000,2,True,38.0,True,55.761365000000005,37.562236
186,True,False,0.05563815656543684,9,8.0,18.0,11,False,9,10000000,1,True,33.9,True,55.769904000000004,37.566584000000006
187,True,True,0.05526051629328022,10,7.0,27.0,10,False,12,10000000,2,True,45.0,True,55.766723999999996,37.673519
188,False,False,0.0413496710990535,1,6.1,25.1,11,False,8,10000000,2,True,41.0,True,55.747429000000004,37.660683
189,True,False,0.05549688471437178,9,5.1,28.2,3,False,9,10000000,2,True,41.5,True,55.764967000000006,37.56547
190,False,False,0.06604857352736594,16,10.0,53.2,7,True,19,10004800,3,True,69.9,True,55.745617,37.685364
191,False,True,0.056594642511457724,4,11.0,44.1,6,True,9,10056458,1,False,44.1,True,55.775753,37.671938
192,True,False,0.040069049527037784,2,6.0,19.0,6,False,5,10100000,1,True,32.0,True,55.753772,37.579744
193,False,True,0.05832352775681615,7,9.0,31.0,10,False,12,10100000,2,True,52.0,True,55.738292,37.676062
194,False,True,0.056594642511457724,1,12.0,46.5,6,True,6,10199229,1,False,46.5,True,55.775753,37.671938
195,True,False,0.03663166403536675,8,6.1,24.5,8,False,9,10200000,2,True,40.0,True,55.785371999999995,37.638234000000004
196,True,False,0.04443370753155871,9,17.0,85.0,8,True,9,85000000,4,True,158.0,True,55.751928,37.664211
197,True,True,0.02386693935132556,2,8.0,64.0,5,False,6,18000000,4,True,102.0,True,55.77029399999999,37.636976000000004
198,True,True,0.03854712384861097,3,9.0,38.0,7,False,7,21800000,2,True,59.0,True,55.75666,37.581379
199,False,True,0.057550513472946874,20,11.0,48.4,7,False,44,10200000,1,False,48.4,True,55.77024399999999,37.564689
200,False,False,0.04442433072090577,2,7.0,15.1,5,False,14,10290000,1,True,30.1,True,55.730335,37.582035
201,True,True,0.06765893210064733,14,6.0,24.0,6,False,14,10300000,2,True,39.0,True,55.770902,37.685251
202,True,True,0.037952999789213036,4,7.0,26.0,9,False,12,10300000,2,True,39.0,False,55.786995999999995,37.638045
203,False,True,0.056594642511457724,5,11.0,44.3,6,True,10,10301984,1,False,44.3,True,55.775753,37.671938
204,True,True,0.03259038307538015,6,7.5,23.5,8,False,9,10500000,2,True,38.0,True,55.723354,37.607951
205,True,False,0.04244750970316398,8,8.0,18.0,7,False,14,10500000,1,True,36.0,True,55.764855000000004,37.578855
206,True,True,0.09059945465619186,7,8.0,32.0,14,False,17,10500000,2,False,55.0,True,55.773869,37.708141
207,True,True,0.042331112931271564,3,6.0,28.0,10,False,5,10500000,2,True,40.0,True,55.782759999999996,37.589024
208,False,True,0.023663107699543686,5,7.0,17.0,5,False,5,10500000,1,False,30.0,True,55.769093999999996,37.601834000000004
209,True,True,0.0744331606207905,13,10.0,19.0,7,False,17,10500000,1,True,38.1,True,55.738439,37.692663
210,True,True,0.09828021665625676,13,7.4,19.0,15,False,17,10500000,1,False,38.0,True,55.758124,37.521632000000004
211,True,True,0.061107100013012026,11,9.0,19.0,3,False,17,10500000,1,False,39.0,True,55.765463000000004,37.559847
212,True,False,0.03857499900194615,10,9.0,21.0,9,False,12,10500000,1,True,38.0,True,55.78706700000001,37.600441
213,True,False,0.048841177483759664,6,10.0,18.0,5,False,9,10500000,1,False,37.0,True,55.763011999999996,37.571866
214,False,True,0.07964100253010473,3,9.0,47.0,9,False,5,10500000,3,True,65.0,True,55.775429,37.696435
215,False,True,0.06400564590721587,2,9.0,19.0,2,False,5,10500000,1,True,35.5,True,55.723247,37.563521
216,False,True,0.05712315882371844,2,8.0,27.1,20,False,8,10500000,2,True,48.3,True,55.739174,37.675056
217,False,True,0.057014074797366136,3,14.0,35.6,5,False,8,10598345,1,False,61.5,True,55.77629399999999,37.672163
218,False,False,0.05693732794924593,3,10.0,61.5,5,False,6,10598345,2,False,61.5,True,55.775824,37.67228
219,True,False,0.026975566815176214,2,6.0,29.0,3,False,5,10600000,2,True,44.0,True,55.779423,37.627966
220,True,False,0.04233554210117192,5,6.0,26.0,5,False,5,10800000,2,True,42.0,True,55.728859,37.585538
221,True,False,0.037899288357436535,8,6.5,18.0,9,False,8,10800000,1,True,36.0,True,55.730112,37.590156
222,False,True,0.056594642511457724,1,12.0,30.4,5,False,5,10817568,1,False,51.3,True,55.775753,37.671938
223,False,True,0.056594642511457724,1,9.0,33.6,5,False,5,10817568,2,False,51.3,True,55.775753,37.671938
224,False,True,0.030384236192469518,2,25.0,150.0,10,False,12,190000000,4,True,219.0,True,55.765412,37.591772999999996
225,True,False,0.025681184649465214,7,15.0,100.0,15,True,7,72660000,3,False,121.0,True,55.740671999999996,37.641939
226,True,True,0.05938429389156793,5,10.0,60.0,10,False,8,24000000,3,True,78.2,True,55.717994,37.572369
227,False,True,0.056594642511457724,1,13.0,51.3,6,True,6,10817568,1,False,51.3,True,55.775753,37.671938
228,True,True,0.0303699354131635,4,11.0,28.0,5,False,16,10841600,2,True,48.0,True,55.774305000000005,37.642132000000004
229,False,True,0.057247645934129836,6,9.0,24.6,5,False,8,10900000,1,True,40.0,True,55.774958,37.672971000000004
230,False,False,0.057247645934129836,6,8.0,32.1,5,True,9,10900000,1,False,39.2,True,55.774958,37.672971000000004
231,True,True,0.037899288357436535,8,8.0,19.0,9,False,8,10900000,1,True,36.0,True,55.730112,37.590156
232,False,True,0.032169270756421016,2,22.0,19.0,9,False,12,10900000,1,True,45.0,True,55.726239,37.636554
233,False,True,0.032169270756421016,2,22.0,19.0,5,False,12,10900000,2,False,45.0,True,55.726239,37.636554
234,True,True,0.06263070609533793,6,9.5,19.4,5,False,14,10900000,1,True,35.0,True,55.726198,37.563548
235,True,False,0.025814734435974502,3,6.0,19.0,10,False,10,10900000,1,True,34.0,True,55.755976000000004,37.645528000000006
236,False,True,0.048982741144200766,3,9.0,36.0,7,False,7,10900000,2,True,56.0,True,55.753296,37.668794
237,True,True,0.061107100013012026,3,8.0,20.0,1,False,17,10900000,1,True,40.0,True,55.765463000000004,37.559847
238,True,False,0.040646484841862125,1,9.0,17.0,10,False,9,10950000,1,True,37.0,True,55.768502000000005,37.581953999999996
239,True,True,0.035999071613028545,7,7.0,28.3,7,False,12,10950000,2,True,44.0,True,55.78526,37.637147
240,False,False,0.057014074797366136,1,9.0,56.4,5,False,6,10958128,2,False,56.4,True,55.77629399999999,37.672163
241,True,True,0.041642632781805064,9,9.0,29.1,8,False,9,10987111,2,True,50.0,True,55.783756999999994,37.590982000000004
242,True,True,0.041642632781805064,9,7.1,32.0,8,False,9,10987000,2,True,48.4,True,55.783756999999994,37.590982000000004
243,True,False,0.059730718939252324,4,6.0,25.2,5,False,5,10999000,2,True,40.0,True,55.726380000000006,37.566701
244,False,False,0.057351865331477875,6,6.0,30.0,5,False,8,11000000,2,True,43.0,True,55.730568000000005,37.672289
245,True,False,0.055897428527615575,3,9.0,20.0,10,False,7,11000000,1,True,37.0,True,55.777039,37.670609000000006
246,True,True,0.047619091381499584,4,6.0,23.0,11,False,14,11000000,2,True,38.0,True,55.765367000000005,37.665983000000004
247,True,False,0.036599100753984135,3,6.0,18.0,10,False,5,11000000,1,True,31.0,True,55.767984999999996,37.586113
248,True,False,0.040646484841862125,4,9.0,17.0,10,False,9,11000000,1,True,37.0,False,55.768502000000005,37.581953999999996
249,False,False,0.026109933837523733,1,6.0,16.0,7,False,8,11000000,1,True,30.0,True,55.747363,37.594485999999996
250,True,False,0.05501040065296706,1,7.0,22.9,11,False,9,11000000,2,True,39.3,True,55.770163000000004,37.567321
251,True,True,0.037899288357436535,8,6.0,18.0,9,False,8,11000000,1,True,31.0,True,55.730112,37.590156
252,True,True,0.06324678038445787,11,9.5,20.0,15,False,12,9200000,1,True,39.0,True,55.734207,37.679978000000006
253,True,False,0.05797668242491641,2,8.5,24.8,5,True,13,14558000,2,True,50.2,True,55.742073,37.67661
254,True,False,0.018272524757134482,8,9.0,33.0,5,False,14,21700000,2,False,60.0,True,55.738465000000005,37.629888
255,True,True,0.017734585560422296,11,7.0,21.6,1,False,15,11000000,1,True,39.0,True,55.736012,37.618659
256,False,True,0.056594642511457724,5,12.0,47.9,6,True,10,11117500,1,False,47.9,True,55.775753,37.671938
257,False,True,0.03967372239909233,1,7.0,18.4,7,False,8,11150000,1,True,28.0,True,55.76794399999999,37.582781
258,False,True,0.03967372239909233,1,7.0,18.4,10,False,8,11160000,1,True,28.0,True,55.76794399999999,37.582781
259,False,False,0.033881933076495716,1,8.0,22.9,10,True,8,11160000,1,True,27.9,True,55.767514,37.588871000000005
260,True,False,0.06409327922645303,4,6.5,46.0,12,False,5,11200000,3,False,60.0,True,55.771028,37.558104
261,True,False,0.0331777141014886,2,6.0,20.0,8,True,7,11249465,1,True,38.6,True,55.73085699999999,37.643865999999996
262,False,False,0.06604857352736594,6,9.0,45.7,7,True,19,11257800,3,True,64.7,True,55.745617,37.685364
263,True,True,0.047356509330821465,6,7.0,31.0,5,False,9,11300000,2,True,44.2,True,55.761685,37.573133
264,True,False,0.0303699354131635,2,15.6,15.4,10,True,19,11379600,1,True,43.6,True,55.774305000000005,37.642132000000004
265,True,False,0.08293686255218277,2,6.0,30.0,5,False,5,11390000,3,True,54.0,True,55.754988,37.536885999999996
266,True,True,0.0372981738560981,9,9.0,32.0,9,False,12,11400000,2,True,51.0,False,55.786151000000004,37.638216
267,True,False,0.06746450918816421,9,14.0,20.0,5,False,12,11400000,1,True,43.0,True,55.771848999999996,37.684793
268,False,True,0.057247645934129836,7,6.0,27.4,5,False,8,11446400,2,True,39.2,True,55.774958,37.672971000000004
269,True,True,0.02568311361576016,4,6.0,23.0,3,False,9,11500000,2,True,40.0,True,55.731926,37.633419
270,False,True,0.0582424326844261,1,11.0,52.0,7,False,5,11500000,2,False,62.0,True,55.72598000000001,37.671031
271,True,True,0.0571363844585941,9,6.0,23.1,5,False,12,11500000,2,True,38.7,True,55.769874,37.674615
272,True,False,0.07204426157578561,4,6.5,32.0,7,False,10,11500000,2,True,47.0,True,55.764384,37.548564
273,False,False,0.03714212489882838,10,10.0,24.5,10,False,14,11500000,1,True,44.5,True,55.75461800000001,37.582682
274,True,False,0.05265429464915752,7,10.7,15.2,7,False,12,11500000,1,True,38.5,True,55.766552000000004,37.568749
275,True,True,0.041642632781805064,3,7.0,17.0,8,False,9,11500000,2,True,48.0,True,55.783756999999994,37.590982000000004
276,False,False,0.0929091219902513,1,11.0,43.0,7,False,9,11500000,3,True,78.0,True,55.77709399999999,37.709731
277,False,True,0.03632391533136338,5,7.0,36.5,5,False,8,11530000,2,True,52.0,True,55.77341800000001,37.650325
278,True,True,0.0303699354131635,8,11.0,28.0,5,False,16,11541600,2,True,50.0,True,55.774305000000005,37.642132000000004
279,False,True,0.056594642511457724,3,12.0,47.5,6,True,8,11602026,1,False,47.5,True,55.775753,37.671938
280,True,False,0.04000423753804401,4,31.0,121.0,5,False,7,107700000,4,False,182.0,True,55.735434,37.584227
281,True,False,0.031591502417583135,6,12.0,1.0,9,False,11,33022236,2,False,75.5,True,55.722142000000005,37.618569
282,True,False,0.031591502417583135,7,17.0,1.0,9,False,14,129000000,5,False,202.0,True,55.722142000000005,37.618569
283,True,True,0.06108296319760624,8,6.2,34.0,11,False,9,11650000,3,True,56.0,True,55.732377,37.67705
284,True,True,0.06699216031745672,7,7.0,33.0,5,False,12,11650000,2,True,50.0,True,55.772639,37.684075
285,True,False,0.047897636204727936,2,7.0,17.1,3,False,8,11690000,1,True,34.0,True,55.724636,37.581748
286,True,True,0.09134739722619348,6,10.0,34.0,15,False,14,11700000,2,False,52.0,True,55.773363,37.709021
287,True,True,0.0303699354131635,13,11.0,28.0,5,False,16,11726500,2,True,49.0,True,55.774305000000005,37.642132000000004
288,True,True,0.04059937153454853,3,5.5,32.0,2,False,5,11777777,2,True,44.0,True,55.759304,37.579601000000004
289,True,False,0.044359118566536064,5,10.0,28.0,3,False,8,11790000,1,False,39.0,True,55.773534999999995,37.580131
290,False,True,0.03963560000807328,1,9.0,30.0,6,False,12,11800000,2,True,53.0,True,55.785417,37.596030999999996
291,True,False,0.03840434902456031,3,7.7,21.5,5,False,9,11800000,2,True,36.3,True,55.772927,37.586563
292,True,False,0.0571363844585941,9,6.5,23.1,3,False,12,11850000,2,True,38.7,True,55.769874,37.674615
293,False,True,0.07090891025111018,6,9.4,29.1,10,False,12,11890000,2,True,51.0,True,55.776846,37.686840999999994
294,False,True,0.06023227394843969,6,6.0,22.0,6,False,6,11899000,1,True,38.0,True,55.724013,37.567409999999995
295,False,False,0.06023227394843969,6,6.2,21.2,2,False,6,11900000,1,True,37.6,True,55.724013,37.567409999999995
296,True,False,0.04880301983484446,8,6.0,28.0,8,False,9,11900000,2,True,43.2,True,55.763797,37.572064000000005
297,False,False,0.06646141835681607,2,9.0,37.0,13,False,5,11900000,2,True,55.8,True,55.758088,37.553496
298,True,True,0.0452904114465739,6,6.0,31.0,7,False,9,11950000,2,True,45.0,True,55.771874,37.578325
299,True,True,0.060591371679471775,7,10.0,33.0,2,False,7,11980000,2,False,62.0,True,55.745619999999995,37.679862
300,False,False,0.0356298275325589,2,7.0,30.0,6,False,6,12000000,2,True,47.0,True,55.786738,37.633176
301,True,True,0.038613617105887836,3,9.0,31.5,5,False,16,12000000,2,True,52.7,True,55.792193999999995,37.622962
302,True,False,0.05613460968065768,6,6.0,24.9,10,False,9,12000000,2,True,41.7,True,55.722639,37.573060999999996
303,True,False,0.04200002629761238,2,8.1,14.2,4,False,14,12000000,1,True,37.8,True,55.76415600000001,37.579133
304,True,True,0.04122933950477303,2,6.0,25.0,4,False,8,12000000,2,True,35.0,True,55.773165000000006,37.583463
305,True,True,0.05702105696144361,6,6.0,33.2,8,False,9,12000000,3,True,51.5,True,55.734080000000006,37.673349
306,True,True,0.050375709235704516,15,12.0,22.0,3,False,18,12000000,1,True,45.0,True,55.78266800000001,37.661033
307,True,False,0.03668450844702382,6,7.6,36.6,7,False,9,12065817,2,True,53.8,True,55.785675,37.637811
308,True,False,0.009914340522699407,4,11.0,40.5,8,False,6,27106000,1,False,57.3,True,55.747211,37.627301
309,True,True,0.06699694790062939,17,10.0,31.0,10,False,17,13490000,2,True,51.0,True,55.742321,37.685835
310,True,False,0.027205697712060002,3,5.9,34.5,5,False,7,25200000,2,False,50.5,True,55.747267,37.593381
311,True,True,0.040922590582704116,4,8.0,40.0,7,False,9,12050000,3,True,64.0,True,55.789345,37.639931
312,True,True,0.030046726826731606,9,10.0,35.0,5,False,9,12100000,2,False,48.0,True,55.727937,37.635259999999995
313,True,False,0.03907386287532852,7,12.0,37.0,5,False,9,12100000,2,True,54.6,True,55.79128299999999,37.630534999999995
314,True,True,0.02768257778820221,2,8.0,20.0,5,False,14,12100000,1,True,38.0,True,55.779737,37.610386
315,False,True,0.030046726826731606,9,10.0,35.0,6,False,9,12100000,2,False,48.0,True,55.727937,37.635259999999995
316,True,False,0.0303699354131635,4,20.2,10.9,10,True,19,12140800,1,True,44.8,True,55.774305000000005,37.642132000000004
317,False,False,0.0331777141014886,2,9.0,30.2,8,True,7,12149427,1,True,38.6,True,55.73085699999999,37.643865999999996
318,False,True,0.0331777141014886,2,10.0,31.2,8,True,7,12149427,1,True,38.6,True,55.73085699999999,37.643865999999996
319,False,False,0.03299517643534986,2,8.0,31.7,5,True,7,12149400,1,False,38.6,True,55.731551,37.644261
320,False,True,0.0331777141014886,2,10.0,31.2,8,True,7,12149427,1,True,38.6,True,55.73085699999999,37.643865999999996
321,True,True,0.05752576092499841,5,15.0,35.0,7,False,9,12150000,3,False,60.0,True,55.735236,37.674292
322,False,True,0.0331777141014886,2,10.0,31.2,8,True,7,12177740,1,True,38.7,True,55.73085699999999,37.643865999999996
323,False,True,0.055796784360751216,4,6.4,45.0,3,False,12,12200000,3,False,55.0,True,55.733112,37.671669
324,True,True,0.05752576092499841,5,6.0,43.0,10,False,9,12200000,3,False,60.0,True,55.735236,37.674292
325,True,False,0.04022326950907898,2,5.0,28.0,5,False,5,12200000,2,True,36.0,True,55.744526,37.580652
326,True,True,0.040922590582704116,4,6.3,40.0,5,False,9,12200000,3,True,64.0,True,55.789345,37.639931
327,False,True,0.03967372239909233,1,7.0,19.8,12,False,8,12240000,1,True,30.6,True,55.76794399999999,37.582781
328,True,True,0.030146964440888626,12,9.5,30.0,7,False,12,12250000,2,True,51.0,True,55.727501000000004,37.634712
329,False,True,0.03670897564629082,5,8.0,32.0,8,False,12,12300000,2,True,50.0,True,55.786951,37.635386
330,True,False,0.040646484841862125,9,9.1,18.0,13,False,12,12300000,1,True,36.2,True,55.768502000000005,37.581953999999996
331,False,True,0.054778687315415055,12,9.5,31.0,7,False,12,12300000,2,True,50.0,True,55.744059,37.673735
332,False,True,0.0331777141014886,3,10.0,31.2,8,True,7,12393120,1,True,38.6,True,55.73085699999999,37.643865999999996
333,True,True,0.03638856981251164,9,6.0,25.0,10,False,9,12400000,2,False,38.0,False,55.767392,37.586095
334,True,False,0.04627241997129818,5,8.0,21.0,10,False,6,12450000,1,True,38.0,True,55.739732,37.575702
335,True,False,0.04413722356469624,8,10.0,22.0,7,False,9,12480000,1,True,47.0,True,55.77147900000001,37.660215
336,True,False,0.07068695926407023,7,30.0,120.0,20,False,22,71999000,4,False,162.0,True,55.758402000000004,37.549282
337,True,False,0.04233554210117192,5,5.0,39.0,5,False,5,18000000,3,True,52.2,True,55.728859,37.585538
338,False,True,0.03935125128887119,1,8.0,37.0,3,False,30,19500000,1,False,55.0,True,55.759152,37.58084
339,True,False,0.057034791005142485,4,10.0,35.0,10,False,5,12500000,2,True,53.0,True,55.757962,37.562937
340,False,False,0.061107100013012026,5,10.0,19.0,2,False,17,12500000,1,True,40.0,True,55.765463000000004,37.559847
341,True,True,0.050391068663005516,7,6.0,30.0,15,False,12,12500000,2,True,45.0,True,55.76943299999999,37.571938
342,False,True,0.08774189113530785,2,10.0,30.0,12,False,12,12500000,2,True,56.0,True,55.774781000000004,37.704987
343,True,False,0.035847003249924354,5,8.0,23.1,2,False,9,12500000,1,True,40.1,True,55.738347999999995,37.652202
344,True,True,0.04903854407504385,10,8.5,30.3,7,False,17,12500000,2,True,50.9,True,55.782947,37.659182
345,True,True,0.055625024008985904,3,10.0,38.0,7,False,5,12500000,2,True,65.7,True,55.728373,37.669333
346,False,True,0.0331777141014886,2,10.0,31.3,8,True,7,12533034,1,True,38.7,True,55.73085699999999,37.643865999999996
347,False,True,0.057247645934129836,7,9.0,24.1,5,False,10,12600000,1,False,39.0,True,55.774958,37.672971000000004
348,False,True,0.05752576092499841,5,6.0,43.0,7,False,9,12600000,3,False,60.0,True,55.735236,37.674292
349,True,True,0.040922590582704116,4,6.3,40.0,6,False,9,12600000,3,True,64.0,True,55.789345,37.639931
350,False,False,0.056594642511457724,8,40.0,23.7,5,False,8,12600000,1,False,40.0,True,55.775753,37.671938
351,False,False,0.058041180802944764,6,8.0,31.8,5,True,8,12600000,1,False,38.8,True,55.774634,37.673951
352,True,False,0.057247645934129836,7,8.0,38.8,7,False,10,12600000,1,False,38.8,True,55.774958,37.672971000000004
353,False,False,0.058041180802944764,7,8.0,37.8,3,False,10,12600000,1,False,37.8,True,55.774634,37.673951
354,False,True,0.0331777141014886,4,10.0,31.1,8,True,7,12614713,1,True,38.5,True,55.73085699999999,37.643865999999996
355,False,True,0.057014074797366136,2,9.0,33.1,5,False,8,12646834,2,False,50.3,True,55.77629399999999,37.672163
356,False,True,0.057014074797366136,2,11.0,30.0,5,False,8,12646834,1,False,50.3,True,55.77629399999999,37.672163
357,False,True,0.056594642511457724,2,12.0,50.3,6,True,7,12646834,1,False,50.3,True,55.775753,37.671938
358,True,False,0.0303699354131635,14,19.5,14.2,10,True,19,12700000,1,True,50.8,True,55.774305000000005,37.642132000000004
359,False,False,0.025668858019006858,2,6.0,32.0,5,False,6,12700000,2,False,48.0,False,55.776745,37.631137
360,False,True,0.056594642511457724,5,14.0,60.8,6,True,10,12751098,1,False,60.8,True,55.775753,37.671938
361,False,False,0.03274789832951083,5,9.0,30.3,5,True,7,12888860,1,True,38.6,True,55.731075,37.64348
362,False,True,0.0331777141014886,5,10.0,31.2,8,True,7,12888859,1,True,38.6,True,55.73085699999999,37.643865999999996
363,True,True,0.0246734212463508,2,6.5,23.0,9,False,12,12900000,2,True,39.0,True,55.748918999999994,37.595609
364,False,True,0.0242599048637895,3,11.0,40.0,11,False,9,30000000,2,True,66.3,True,55.745787,37.642742999999996
365,True,True,0.08100383361915367,20,20.0,150.0,4,False,76,89572815,4,True,220.0,True,55.747115,37.539078
366,False,True,0.026514434295307768,2,26.0,142.5,15,False,8,233676772,4,True,237.4,True,55.736458,37.599678000000004
367,False,True,0.05063710438008792,3,7.0,39.5,12,False,12,12900000,3,True,58.3,True,55.744105000000005,37.669531
368,True,False,0.04880301983484446,4,6.0,33.0,8,False,9,12900000,2,False,43.0,True,55.763797,37.572064000000005
369,False,True,0.057550513472946874,3,12.0,41.7,7,False,44,13000000,2,False,67.0,True,55.77024399999999,37.564689
370,False,False,0.03311264459386847,10,7.0,23.8,3,True,12,13000000,1,True,26.0,True,55.770973,37.591557
371,True,False,0.04737518578327626,5,6.0,43.0,4,False,5,13000000,3,True,57.0,True,55.759907,37.572845
372,False,True,0.037874140373080255,2,9.0,34.0,9,False,6,13000000,2,True,55.0,True,55.747312,37.657143
373,True,True,0.06529691981250221,2,13.0,34.0,11,False,17,13000000,2,True,64.0,True,55.741080000000004,37.683877
374,True,True,0.05658463446908756,3,12.0,34.2,5,False,16,13000000,2,True,64.5,True,55.743162,37.675406
375,False,False,0.058041180802944764,4,8.0,51.9,6,False,7,13000000,2,False,51.9,True,55.774634,37.673951
376,False,True,0.058041180802944764,4,9.0,52.0,5,False,7,13000000,2,False,52.0,True,55.774634,37.673951
377,False,True,0.07437500217815464,2,8.0,38.0,5,False,5,13000000,3,True,65.0,False,55.753691,37.545438
378,True,True,0.02295845031790696,1,10.8,28.0,5,False,16,13000000,2,True,56.0,True,55.775074,37.628217
379,True,True,0.05340401426859148,6,8.0,29.0,6,False,12,13000000,2,True,40.0,True,55.766110999999995,37.567869
380,True,True,0.018493373624084538,5,9.0,19.0,5,False,12,13000000,1,True,36.7,True,55.770127,37.628325
381,False,True,0.049549691421842255,11,10.0,39.0,3,False,12,13000000,2,True,58.6,True,55.778441,37.662749
382,True,True,0.09432495816590672,5,9.8,32.0,5,False,9,13000000,2,True,60.0,False,55.776045999999994,37.711455
383,False,False,0.032570806222749965,2,5.0,32.5,6,False,9,13000000,2,True,42.9,True,55.761092000000005,37.58809
384,False,True,0.025721590250217082,2,11.0,36.0,5,False,9,13000000,2,True,62.0,True,55.730826,37.631559
385,False,True,0.0331777141014886,7,10.0,30.9,8,True,7,13149940,1,True,38.0,True,55.73085699999999,37.643865999999996
386,False,False,0.042063434120385386,2,10.0,30.0,9,False,8,13200000,3,True,54.4,True,55.78651,37.59348
387,True,True,0.0575804644389084,4,6.0,24.0,15,False,12,13300000,2,False,42.0,False,55.733751,37.565802000000005
388,False,False,0.057247645934129836,2,8.0,35.6,5,True,9,13300000,1,False,43.4,True,55.774958,37.672971000000004
389,True,True,0.06502437872059957,14,9.0,32.2,5,False,17,13300000,2,True,53.5,True,55.743781000000006,37.684075
390,True,True,0.054778687315415055,2,10.2,43.3,6,False,12,13300000,3,False,64.3,True,55.744059,37.673735
391,True,True,0.0452904114465739,9,6.0,42.0,7,False,9,13300000,4,True,62.0,True,55.771874,37.578325
392,True,False,0.0510851602914184,10,18.5,34.0,5,False,13,49600000,2,False,84.0,True,55.72620799999999,37.576762
393,False,False,0.017899590190843168,6,14.0,82.7,5,True,6,106104000,3,False,119.5,True,55.736909,37.62599
394,False,False,0.02119664409759119,1,19.0,120.0,7,False,7,85690000,4,False,155.8,True,55.732514,37.619549
395,False,False,0.03274789832951083,4,9.0,29.9,5,True,7,13366874,1,True,37.9,True,55.731075,37.64348
396,True,False,0.058849031130512576,4,9.0,34.0,9,False,5,13399000,2,True,55.0,True,55.758371999999994,37.561149
397,True,False,0.0298905555819904,5,7.0,56.0,15,False,5,13450000,3,True,75.0,True,55.735220999999996,37.6433
398,False,False,0.03274789832951083,2,9.0,30.1,5,True,7,13477387,1,True,38.3,True,55.731075,37.64348
399,True,True,0.06699694790062939,17,10.0,31.0,7,False,17,13490000,2,True,51.0,True,55.742321,37.685835
400,False,True,0.031055091209007308,2,8.0,52.0,1,False,8,13500000,2,True,70.5,True,55.781296,37.634074
401,True,False,0.046513382601138055,4,11.0,43.0,10,False,6,13500000,2,True,63.8,True,55.771489,37.662794
402,True,True,0.02764053906855036,2,5.0,40.0,5,False,5,13500000,3,True,55.0,True,55.733655000000006,37.638835
403,True,False,0.05802104449249084,5,9.0,33.0,4,False,9,13500000,2,True,58.0,True,55.78271899999999,37.670061
404,False,False,0.034986110672665244,1,9.0,18.6,11,False,5,13500000,1,True,42.3,True,55.766851,37.587389
405,True,False,0.0756032024255585,8,9.6,31.6,15,False,22,13500000,2,False,58.5,True,55.737345,37.693624
406,False,True,0.06471457984874916,1,9.5,43.0,10,False,12,13600000,3,False,64.0,True,55.73737,37.682431
407,False,False,0.05798839139862225,1,10.0,43.0,5,False,6,13600000,2,True,63.0,True,55.72454499999999,37.569691999999996
408,False,False,0.036952191612947084,2,11.0,33.0,7,False,7,13600000,2,True,53.1,True,55.753828000000006,37.582861
409,False,True,0.058041180802944764,9,9.0,24.3,5,False,10,13641600,1,False,39.2,True,55.774634,37.673951
410,False,True,0.03604487125791968,8,9.0,32.0,5,False,11,13700000,2,True,53.0,True,55.766470999999996,37.653523
411,False,True,0.056594642511457724,4,13.0,54.8,6,True,9,13748136,1,False,54.8,True,55.775753,37.671938
412,False,False,0.03274789832951083,4,9.0,30.1,5,True,6,13750609,1,True,38.3,True,55.731075,37.64348
413,True,False,0.0303699354131635,19,14.6,15.4,10,True,19,13759800,1,True,42.6,True,55.774305000000005,37.642132000000004
414,True,False,0.06524671020058884,4,9.0,37.0,10,False,5,13800000,2,True,57.0,True,55.756523,37.554627
415,True,False,0.029187332954551618,5,8.0,27.7,8,False,12,13800000,2,True,52.0,True,55.773727,37.641054
416,False,False,0.03274789832951083,2,9.0,30.7,5,True,7,13889099,1,True,39.5,True,55.731075,37.64348
417,True,True,0.017734585560422296,13,10.0,20.0,1,False,15,13900000,1,True,41.0,True,55.736012,37.618659
418,False,True,0.04678985921115493,3,9.0,39.0,7,False,6,13900000,3,True,60.0,True,55.790575,37.591
419,True,True,0.04723603880513224,6,8.0,36.0,10,False,6,13900000,2,True,58.0,False,55.76915,37.575171999999995
420,False,False,0.031591502417583135,9,16.0,77.9,7,False,12,58411000,3,False,123.6,True,55.722142000000005,37.618569
421,True,True,0.058800322898775674,9,14.8,48.4,7,False,25,15590000,2,True,85.6,True,55.72937099999999,37.67334
422,True,True,0.05390088085551385,10,12.0,46.0,5,False,12,27990000,3,False,78.0,True,55.766622999999996,37.567482
423,False,False,0.056961102956313826,2,13.0,57.6,4,False,9,13900000,3,False,92.0,True,55.780654000000006,37.669998
424,False,True,0.03370971649243061,1,8.0,45.0,5,False,5,13900000,3,True,63.0,True,55.78439,37.633778
425,True,False,0.03193795688518564,3,10.0,28.0,8,False,8,13970946,1,True,38.0,True,55.724738,37.60637
426,False,True,0.057014074797366136,3,14.0,48.0,5,False,4,13950579,2,False,79.2,True,55.77629399999999,37.672163
427,False,True,0.057014074797366136,3,17.0,44.8,5,False,4,13950579,1,False,79.2,True,55.77629399999999,37.672163
428,False,True,0.057014074797366136,3,11.0,51.2,5,False,4,13950579,3,False,79.2,True,55.77629399999999,37.672163
429,False,True,0.056594642511457724,3,18.0,79.2,6,True,9,13950579,1,False,79.2,True,55.775753,37.671938
430,False,False,0.05693732794924593,3,11.0,79.2,5,False,6,13950579,3,False,79.2,True,55.775824,37.67228
431,False,False,0.026704747518001767,7,10.0,22.0,2,False,15,13990000,1,True,45.0,True,55.731075,37.633984999999996
432,False,False,0.055820804813261966,5,9.0,17.4,10,False,11,13999000,1,True,42.7,True,55.720864,37.574678000000006
433,False,False,0.055820804813261966,5,6.0,17.4,10,False,11,13999000,2,True,42.7,True,55.720864,37.574678000000006
434,True,True,0.04958371589544187,8,8.0,30.0,9,False,12,14000000,2,True,52.0,True,55.78398000000001,37.659084
435,True,False,0.02488581445321557,3,10.0,43.0,5,False,5,14000000,2,True,56.0,True,55.769828000000004,37.638773
436,True,True,0.0310936118519562,9,8.0,29.0,10,False,12,14000000,2,True,53.0,True,55.775245999999996,37.64224
437,False,False,0.05612310049347278,2,6.0,45.0,3,False,8,14000000,3,True,58.0,True,55.765361999999996,37.564913
438,True,False,0.05352605287147225,13,9.0,31.0,4,False,14,14000000,2,True,52.0,True,55.782253000000004,37.665093
439,True,True,0.036736724146281145,3,8.0,32.2,3,False,8,14000000,2,True,52.2,True,55.755109999999995,37.656523
440,True,False,0.057159894908929726,5,10.0,38.0,4,False,8,14000000,2,True,60.0,True,55.76599,37.563988
441,False,True,0.056594642511457724,4,13.0,54.0,6,True,9,14093090,1,False,54.0,True,55.775753,37.671938
442,True,True,0.08096062347215749,5,11.0,53.0,15,False,5,14100000,3,True,78.5,True,55.761426,37.539221000000005
443,True,True,0.032906348764335555,12,8.5,32.0,11,False,12,14100000,2,True,54.0,True,55.775833999999996,37.644171
444,True,True,0.05817247020713812,4,6.0,32.0,5,False,9,14200000,2,True,45.0,True,55.726092,37.568614000000004
445,False,True,0.057247645934129836,2,5.0,32.0,5,False,10,14200000,1,False,41.0,True,55.774958,37.672971000000004
446,False,False,0.047897636204727936,1,6.0,37.6,4,False,8,14200000,3,True,55.0,True,55.724636,37.581748
447,False,True,0.05265429464915752,2,9.0,31.0,7,False,12,14250000,2,False,51.0,True,55.766552000000004,37.568749
448,False,True,0.04875036386530652,2,8.0,42.5,2,False,5,11000000,3,True,60.0,True,55.73256,37.663737
449,True,False,0.05498776908549774,14,9.5,29.0,6,False,14,18590000,2,False,51.5,True,55.766754000000006,37.566395
450,True,True,0.031591502417583135,7,38.7,55.9,9,False,11,110000000,4,True,144.7,True,55.722142000000005,37.618569
451,True,False,0.0331777141014886,2,5.1,32.2,8,True,11,14256211,2,True,48.2,True,55.73085699999999,37.643865999999996
452,True,True,0.0303699354131635,4,7.0,44.0,5,False,16,14278000,3,True,65.0,True,55.774305000000005,37.642132000000004
453,True,True,0.03338357807365907,3,9.0,32.0,10,False,16,14300000,2,True,54.0,True,55.776451,37.644252
454,True,False,0.07192130533437016,19,10.0,28.4,15,False,21,14300000,2,True,63.7,False,55.737708999999995,37.689932
455,False,False,0.03274789832951083,3,11.0,34.0,5,True,7,14321608,1,True,45.8,True,55.731075,37.64348
456,False,False,0.03274789832951083,6,9.0,29.8,5,True,6,14342786,1,True,37.7,True,55.731075,37.64348
457,True,False,0.0331777141014886,2,9.0,19.5,8,True,10,14387994,1,True,38.0,True,55.73085699999999,37.643865999999996
458,True,False,0.05340401426859148,4,10.0,30.0,6,False,14,14400000,2,False,50.0,True,55.766110999999995,37.567869
459,False,False,0.060157562259456926,1,5.0,48.0,5,False,6,14450000,4,False,64.0,True,55.724778,37.567069000000004
460,False,False,0.060157562259456926,1,8.0,48.0,5,False,6,14450000,3,False,64.0,True,55.724778,37.567069000000004
461,True,False,0.03942401107193128,3,6.0,37.0,8,False,6,14450000,2,True,48.9,True,55.770714,37.584245
462,True,True,0.03460261160663967,5,9.3,35.5,8,False,16,14490000,2,True,57.3,True,55.776006,37.646274
463,True,False,0.04992296822104913,4,6.0,31.0,7,False,5,14490000,2,True,41.0,True,55.783559,37.659828999999995
464,True,False,0.05420112815246598,5,9.0,30.0,6,False,14,14499000,2,False,53.0,True,55.766116000000004,37.567051
465,True,True,0.08127132256829482,3,9.0,50.0,20,False,5,14500000,3,True,80.0,True,55.76039300000001,37.538817
466,True,False,0.07192130533437016,5,7.0,32.0,15,False,21,14500000,2,False,53.0,True,55.737708999999995,37.689932
467,True,False,0.041103372720499576,2,7.2,32.2,5,False,10,14500000,2,True,50.5,True,55.764749,37.580220000000004
468,True,False,0.031433144449765776,4,11.0,28.0,2,False,5,14500000,1,True,66.0,True,55.781180000000006,37.635090000000005
469,False,True,0.049549691421842255,10,7.0,59.0,4,False,12,14500000,3,True,59.0,True,55.778441,37.662749
470,True,False,0.06670960140789528,3,6.0,26.0,10,False,8,14500000,2,True,43.0,True,55.729863,37.557511
471,False,False,0.05390088085551385,2,9.1,34.6,5,False,10,14500000,2,False,55.9,False,55.766622999999996,37.567482
472,True,False,0.057247645934129836,8,9.0,42.7,7,False,10,14518000,1,False,42.7,True,55.774958,37.672971000000004
473,False,False,0.058041180802944764,8,9.0,42.7,3,False,10,14518000,1,False,42.7,True,55.774634,37.673951
474,True,True,0.0303699354131635,8,8.0,43.0,5,False,16,14580000,3,True,64.0,True,55.774305000000005,37.642132000000004
475,True,False,0.0331777141014886,3,9.0,28.0,8,True,7,14615199,1,True,35.9,True,55.73085699999999,37.643865999999996
476,False,False,0.02119664409759119,1,19.0,120.0,7,False,7,85690000,4,False,155.8,True,55.732514,37.619549
477,False,True,0.014778929460553716,8,17.0,156.0,10,False,15,127008600,4,True,156.0,True,55.768025,37.623483
478,False,True,0.027577278346496384,2,5.0,109.5,14,False,7,388646316,3,False,170.0,True,55.758225,37.592608
479,False,True,0.03967372239909233,3,9.0,23.7,7,False,8,14630000,1,True,38.0,True,55.76794399999999,37.582781
480,False,False,0.0711800766858253,5,7.0,29.9,13,False,21,14661025,2,True,45.7,True,55.761557999999994,37.549067
481,False,True,0.02324684877569506,6,10.0,20.0,7,False,24,14700000,1,True,37.0,True,55.753285999999996,37.59657
482,False,False,0.02589929361970971,1,8.0,34.0,5,False,5,14700000,2,False,65.0,True,55.73554,37.63827
483,False,False,0.041198383524114,2,12.0,45.0,5,False,6,14700000,3,True,65.0,True,55.753043000000005,37.661006
484,False,False,0.041198383524114,2,23.0,36.0,5,False,6,14700000,2,True,65.0,True,55.753043000000005,37.661006
485,False,False,0.05897775042335601,1,7.5,36.0,3,False,5,14700000,3,True,65.0,True,55.771211,37.676134000000005
486,True,True,0.052933775578547566,2,15.4,42.4,11,False,4,14700000,2,False,77.8,True,55.74244300000001,37.671534
487,True,False,0.0303699354131635,19,20.5,10.9,10,True,19,14702600,1,True,45.1,True,55.774305000000005,37.642132000000004
488,False,True,0.057247645934129836,9,10.0,26.3,5,False,10,14723200,1,False,43.0,True,55.774958,37.672971000000004
489,True,False,0.05406014402496491,5,10.0,30.0,5,False,11,14790000,2,False,51.0,False,55.76564499999999,37.567087
490,False,True,0.06631049597914665,1,10.0,52.3,10,False,6,14800000,3,True,71.2,True,55.760180000000005,37.553819
491,False,True,0.0631045739229753,3,8.5,42.2,12,False,5,14850000,3,True,67.6,True,55.757288,37.55681
492,True,False,0.02464354002573784,6,8.0,23.0,5,False,6,14900000,2,True,42.0,True,55.777772999999996,37.6145
493,False,True,0.057346881493242526,2,10.0,20.0,15,False,11,14900000,1,False,44.0,True,55.716133,37.576492
494,True,True,0.05340401426859148,3,8.6,29.6,5,False,9,14900000,2,False,52.0,False,55.766110999999995,37.567869
495,True,False,0.0331777141014886,2,5.1,32.2,8,True,11,14968983,2,True,48.2,True,55.73085699999999,37.643865999999996
496,False,False,0.06197202985218225,12,7.0,34.0,1,False,12,15000000,2,False,55.0,True,55.745149,37.681191
497,False,False,0.04170952199438343,2,8.0,31.0,5,False,13,15000000,2,True,53.0,True,55.735525,37.65735
498,True,False,0.0825407628993084,6,15.0,30.0,10,False,20,15000000,1,True,50.0,True,55.756427,37.537317
499,True,False,0.0825407628993084,6,15.0,30.0,10,False,22,15000000,1,True,50.0,True,55.756427,37.537317
500,True,True,0.017734585560422296,9,9.6,20.0,1,False,15,15000000,1,False,40.0,True,55.736012,37.618659
501,False,True,0.025782974110833145,4,8.0,34.0,9,False,24,15000000,2,True,52.0,True,55.753154,37.594035999999996
502,True,True,0.0446396521603856,4,9.0,46.0,3,False,5,15000000,3,False,66.2,True,55.758590000000005,37.575441
503,True,True,0.03361338966840435,1,10.7,19.6,3,False,12,15000000,1,True,46.4,True,55.779251,37.597962
504,False,True,0.056594642511457724,1,6.0,15.9,6,True,6,4116245,1,False,15.9,True,55.775753,37.671938
505,False,False,0.08549527950127052,11,16.0,49.3,5,False,85,42432000,1,False,88.0,True,55.750028,37.534397
506,True,False,0.0303699354131635,2,12.1,26.8,10,True,19,14284800,2,True,57.6,True,55.774305000000005,37.642132000000004
507,False,False,0.032602475059422036,3,11.0,53.0,8,False,6,15000000,3,True,80.7,True,55.722117000000004,37.627866999999995
508,True,False,0.05438567099889247,4,8.0,38.3,11,False,5,15000000,2,True,64.0,True,55.769676000000004,37.567824
509,True,True,0.02562658824346544,6,8.0,26.1,10,False,15,15000000,2,True,50.0,True,55.779033999999996,37.615893
510,True,False,0.0680786131248321,3,9.0,52.0,10,False,5,15000000,4,True,72.0,True,55.758651,37.551914000000004
511,False,True,0.05265429464915752,2,10.0,36.0,7,False,12,15100000,2,False,61.0,True,55.766552000000004,37.568749
512,False,False,0.058041180802944764,7,9.0,38.0,6,True,10,15100000,2,False,52.0,True,55.774634,37.673951
513,False,True,0.057014074797366136,2,13.0,54.4,5,False,8,15125860,3,False,85.3,True,55.77629399999999,37.672163
514,False,False,0.033881933076495716,2,9.0,20.0,8,True,9,15200000,1,True,38.0,True,55.767514,37.588871000000005
515,True,False,0.02346458578369084,1,12.5,18.0,8,False,9,15200000,1,True,50.0,True,55.749790000000004,37.596678000000004
516,True,False,0.06301011738601969,3,8.0,48.0,2,False,5,15200000,3,True,70.0,True,55.772487,37.679959999999994
517,True,True,0.032602475059422036,5,9.0,48.0,8,False,6,15200000,3,True,67.0,True,55.722117000000004,37.627866999999995
518,False,True,0.056594642511457724,7,10.0,41.4,9,True,9,15234950,2,False,52.2,True,55.775753,37.671938
519,True,False,0.0303699354131635,4,11.6,28.8,10,True,19,15265800,2,True,59.4,True,55.774305000000005,37.642132000000004
520,True,False,0.04022326950907898,2,8.0,46.0,6,False,5,15400000,3,True,64.0,True,55.744526,37.580652
521,False,False,0.045843119309225515,7,9.0,42.0,5,False,9,15558553,2,True,55.0,True,55.776877,37.659371
522,False,False,0.015192013197732194,1,7.0,37.0,4,False,3,15500000,3,True,60.1,True,55.767453,37.626286
523,True,False,0.025347886696922086,4,6.0,44.0,8,False,7,15500000,3,False,60.0,True,55.773241000000006,37.603657
524,True,False,0.05406014402496491,10,10.0,30.0,5,False,11,15500000,2,False,51.0,False,55.76564499999999,37.567087
525,False,False,0.01682463931262539,2,4.0,30.0,3,False,12,15500000,1,False,37.0,True,55.76306700000001,37.605831
526,False,False,0.01682463931262539,2,7.0,27.0,4,False,10,15500000,2,True,37.0,True,55.76306700000001,37.605831
527,False,False,0.02586478689261149,2,12.0,39.0,5,False,7,15500000,3,True,68.0,True,55.72926,37.628253
528,False,True,0.035997626199510746,7,7.4,31.7,3,False,8,15500000,2,True,50.2,True,55.755013,37.655787
529,True,False,0.03688906636118437,6,8.0,40.0,10,False,9,15500000,2,True,50.0,True,55.767053000000004,37.585421999999994
530,False,False,0.03274789832951083,7,9.0,30.0,5,True,7,15512784,1,True,38.0,True,55.731075,37.64348
531,False,True,0.0331777141014886,2,11.0,34.9,8,True,7,15558049,1,True,45.6,True,55.73085699999999,37.643865999999996
532,True,True,0.016364133738147844,11,15.0,170.0,4,False,11,381025800,5,False,285.0,True,55.738216,37.614545
533,False,True,0.029651221037249983,4,13.0,41.0,10,True,11,37912067,1,True,59.7,True,55.74153100000001,37.646848
534,False,True,0.0260745743205933,4,1.0,138.4,9,False,8,520735260,4,False,212.0,True,55.742514,37.596264
535,True,False,0.0303699354131635,2,14.5,32.7,10,True,19,15592500,2,True,67.5,True,55.774305000000005,37.642132000000004
536,False,False,0.03299517643534986,3,8.0,31.9,5,True,7,15638200,1,True,38.9,True,55.731551,37.644261
537,True,True,0.035980612682391666,9,8.0,30.0,10,False,17,15650000,2,False,45.0,False,55.740517000000004,37.586338
538,False,False,0.033881933076495716,3,8.0,32.1,10,True,8,15680000,1,True,39.2,True,55.767514,37.588871000000005
539,True,False,0.037899288357436535,6,6.0,27.0,5,False,8,15700000,2,True,44.0,True,55.730112,37.590156
540,True,True,0.037480478185316767,4,10.8,29.7,6,False,7,15700000,2,True,56.2,True,55.765083,37.655526
541,True,False,0.05420112815246598,5,9.0,38.0,6,False,14,15750000,2,False,56.5,False,55.766116000000004,37.567051
542,False,False,0.057247645934129836,2,8.0,41.3,5,True,9,15752100,2,False,58.1,True,55.774958,37.672971000000004
543,True,False,0.057252292617852994,2,9.0,45.0,7,False,5,15752100,2,False,58.1,True,55.774947999999995,37.672979999999995
544,False,False,0.05830257457437118,2,9.0,58.1,7,False,5,15752100,2,False,58.1,True,55.775169999999996,37.674021999999994
545,False,False,0.03274789832951083,2,11.0,34.0,5,True,6,15799301,1,False,45.8,True,55.731075,37.64348
546,False,False,0.018249678051954432,3,7.0,30.0,4,False,8,15800000,2,True,46.0,True,55.743416,37.634883
547,True,True,0.05355628658710285,6,7.0,48.0,8,False,6,15820000,2,True,58.0,True,55.768041000000004,37.56821
548,False,True,0.0331777141014886,3,10.0,31.7,8,True,7,15839192,1,True,39.4,True,55.73085699999999,37.643865999999996
549,False,False,0.03405682875724323,4,5.0,31.8,13,True,5,15840000,2,True,35.2,True,55.764425,37.65214
550,True,True,0.048439488539824486,7,8.0,39.0,10,False,12,15850000,3,False,64.0,True,55.740618000000005,37.66645
551,False,True,0.057247645934129836,5,11.0,40.8,5,False,5,15900000,2,False,65.0,True,55.774958,37.672971000000004
552,True,False,0.0202068438158984,10,8.0,33.0,7,False,13,15900000,2,True,53.0,True,55.73741,37.631757
553,False,False,0.03299517643534986,5,8.0,37.6,5,True,7,15937100,1,True,45.8,True,55.731551,37.644261
554,True,False,0.062113924654625084,7,10.0,33.0,10,False,7,15990000,2,False,57.5,True,55.757369,37.557807000000004
555,False,True,0.0331777141014886,2,10.0,33.1,8,True,7,15992190,1,True,42.1,True,55.73085699999999,37.643865999999996
556,False,True,0.01957837615840838,6,9.0,20.0,3,False,16,16000000,1,True,35.0,True,55.734151000000004,37.61892
557,True,False,0.03967372239909233,5,10.0,20.0,12,False,8,16000000,2,True,40.0,True,55.76794399999999,37.582781
558,False,True,0.09315014641427084,2,10.0,45.5,14,False,17,16000000,3,True,72.0,True,55.774153000000005,37.710692
559,True,False,0.06838467960734991,2,10.0,43.0,7,False,12,16000000,3,True,70.0,True,55.775636,37.684587
560,True,True,0.020338415474173442,4,16.0,89.0,6,False,7,154537714,4,False,157.0,True,55.733371,37.619683
561,True,False,0.0331777141014886,4,10.0,59.0,8,True,7,25200000,2,False,59.0,False,55.73085699999999,37.643865999999996
562,False,True,0.04148557012986822,2,11.1,124.0,12,False,5,219089835,4,True,164.0,True,55.738448999999996,37.581236
563,False,False,0.02343168113900488,4,6.0,38.1,5,False,7,16000000,2,True,54.1,True,55.730293999999994,37.618929
564,False,True,0.05265429464915752,2,10.0,35.0,5,False,12,16000000,2,False,60.0,True,55.766552000000004,37.568749
565,True,True,0.051907676359091895,16,9.0,47.0,5,False,17,16000000,3,True,69.0,True,55.734805,37.668156
566,True,False,0.039220592971041,5,12.0,28.0,15,False,8,16000000,2,True,45.0,True,55.767731999999995,37.583185
567,True,True,0.02552922345078473,9,8.4,29.1,1,False,14,16000000,2,True,54.0,True,55.728322,37.622504
568,False,False,0.03274789832951083,4,9.0,30.8,5,True,7,16147815,1,True,39.4,True,55.731075,37.64348
569,True,False,0.05797668242491641,3,12.0,37.5,5,True,13,16171878,1,True,52.5,True,55.742073,37.67661
570,False,False,0.06023227394843969,5,8.0,43.5,2,False,6,16200000,3,False,65.0,True,55.724013,37.567409999999995
571,False,False,0.03274789832951083,3,10.0,34.0,5,True,6,16241633,1,True,45.6,True,55.731075,37.64348
572,False,False,0.039023187209656654,6,6.0,18.1,5,False,7,16300000,1,True,36.4,True,55.745235,37.581721
573,False,False,0.04807354570863183,5,6.2,48.0,3,False,8,16300000,3,True,60.0,True,55.761182999999996,37.572324
574,False,True,0.03727814621195453,4,8.0,43.0,6,False,8,16300000,3,True,65.0,True,55.76888100000001,37.653864
575,False,False,0.05298663116296296,2,10.0,54.0,5,False,6,16300000,3,True,75.0,True,55.76246,37.567554
576,False,False,0.03274789832951083,4,10.0,33.9,5,True,6,16313369,1,False,45.5,True,55.731075,37.64348
577,False,False,0.0566480030539497,2,12.0,52.0,8,False,5,16390000,3,True,86.0,True,55.76679,37.674929999999996
578,True,False,0.04081720643306947,5,11.2,32.0,7,False,13,16400000,2,True,53.1,True,55.736164,37.656667
579,False,False,0.03274789832951083,6,9.0,29.9,5,True,7,16416367,1,True,37.8,True,55.731075,37.64348
580,False,True,0.0331777141014886,2,9.0,39.4,8,True,7,16465925,2,True,48.2,True,55.73085699999999,37.643865999999996
581,True,False,0.05129029339943148,5,13.0,75.0,9,False,5,16500000,4,True,105.0,True,55.774315,37.666782
582,False,False,0.02223422838777931,8,5.0,39.0,2,False,10,16500000,2,True,59.0,True,55.773525,37.629897
583,True,True,0.040682929651142855,3,8.0,48.0,5,False,12,16500000,3,True,70.0,True,55.789826,37.638539
584,False,False,0.01682463931262539,2,9.0,36.0,3,False,9,16500000,1,False,42.0,True,55.76306700000001,37.605831
585,False,True,0.034382632650799584,3,12.0,37.4,5,False,8,16500000,2,True,62.2,True,55.723206999999995,37.603945
586,False,True,0.040682929651142855,3,10.0,51.0,3,False,12,16500000,3,False,70.0,True,55.789826,37.638539
587,True,True,0.06417576714773587,6,9.0,20.0,8,False,9,16500000,1,True,37.0,True,55.727029,37.561446000000004
588,True,False,0.031591502417583135,7,15.0,50.0,5,False,14,37450000,3,False,91.0,True,55.722142000000005,37.618569
589,False,True,0.021882458545601637,4,51.0,150.0,5,False,5,171461610,5,True,300.0,True,55.74284300000001,37.600819
590,True,False,0.045345700578997984,14,15.0,151.0,11,False,21,165377898,5,True,180.0,True,55.769093999999996,37.577157
591,True,False,0.019591580666197133,14,8.0,25.0,3,False,17,16500000,2,True,40.0,True,55.742681000000005,37.636006
592,True,True,0.040682929651142855,3,12.0,50.0,4,False,12,16500000,3,True,70.0,True,55.789826,37.638539
593,True,False,0.05420112815246598,14,10.0,33.3,6,False,14,16500000,2,False,60.0,True,55.766116000000004,37.567051
594,True,True,0.04822010506002389,8,16.0,24.0,10,False,12,16500000,2,True,40.0,True,55.784805000000006,37.656667
595,False,True,0.002485005030171803,1,14.0,52.0,3,False,8,16500000,2,True,80.0,True,55.7557,37.6213
596,True,True,0.05009186355087699,3,8.8,37.0,12,False,6,16500000,2,True,61.0,True,55.768446,37.571938
597,True,True,0.01957837615840838,7,10.0,20.0,3,False,14,16500000,1,True,36.0,True,55.734151000000004,37.61892
598,True,True,0.06471457984874916,10,9.6,44.3,10,False,12,16500000,3,True,66.7,True,55.73737,37.682431
599,False,True,0.057247645934129836,2,10.0,37.9,5,False,5,16550900,2,False,59.3,True,55.774958,37.672971000000004
600,False,False,0.05830257457437118,2,9.0,59.3,7,False,5,16550900,2,False,59.3,True,55.775169999999996,37.674021999999994
601,False,False,0.033881933076495716,5,8.0,34.0,10,True,8,16600000,1,True,41.5,True,55.767514,37.588871000000005
602,True,False,0.05797668242491641,11,12.0,37.1,5,True,13,16611278,1,True,51.8,True,55.742073,37.67661
603,True,True,0.05797668242491641,4,11.7,38.1,10,True,13,16627294,1,True,51.7,True,55.742073,37.67661
604,True,True,0.05406014402496491,9,10.0,30.0,5,False,10,16650000,2,False,55.0,True,55.76564499999999,37.567087
605,True,True,0.05797668242491641,3,11.7,38.2,10,True,13,16706142,1,True,52.0,True,55.742073,37.67661
606,True,True,0.05797668242491641,10,12.9,19.2,10,True,13,16710419,1,True,52.2,True,55.742073,37.67661
607,False,True,0.08567025895256879,10,15.5,61.5,6,True,14,16735687,2,True,61.5,True,55.75184599999999,37.534163
608,True,True,0.06441520014716973,10,11.0,55.7,5,False,10,16800000,3,True,84.0,True,55.728559999999995,37.679116
609,True,False,0.02562658824346544,4,8.0,29.0,5,False,14,16800000,2,True,52.0,True,55.779033999999996,37.615893
610,False,False,0.03274789832951083,4,10.0,32.2,5,True,7,16812514,1,True,42.1,True,55.731075,37.64348
611,False,False,0.057943049074066624,2,12.0,58.6,7,False,5,16824060,1,False,58.6,True,55.775459,37.673519
612,False,False,0.033881933076495716,2,8.0,34.5,10,True,8,16840000,1,True,42.1,True,55.767514,37.588871000000005
613,False,True,0.08567025895256879,5,15.5,60.3,6,True,10,16884000,2,True,60.3,True,55.75184599999999,37.534163
614,False,False,0.03274789832951083,6,9.0,30.5,5,True,7,16889373,1,True,38.9,True,55.731075,37.64348
615,True,True,0.019591580666197133,14,7.0,23.0,5,False,17,16899000,2,True,40.0,True,55.742681000000005,37.636006
616,False,False,0.033881933076495716,1,7.0,23.0,8,True,9,10800000,1,True,27.0,True,55.767514,37.588871000000005
617,False,True,0.0242599048637895,3,11.0,40.0,11,False,9,30000000,2,True,66.3,True,55.745787,37.642742999999996
618,False,True,0.02599608124313884,6,44.0,65.0,10,False,7,88906020,4,True,151.0,True,55.750013,37.594081
619,False,False,0.011476760257151313,2,10.0,23.0,10,False,9,16900000,1,True,47.0,True,55.74446,37.613018
620,True,True,0.02392502296759406,4,16.0,20.0,15,False,9,16900000,2,True,40.0,True,55.733477,37.632583000000004
621,True,False,0.05466113387956688,2,9.0,31.7,1,False,15,16900000,2,True,62.4,False,55.78115,37.667087
622,False,True,0.051788618981394426,11,6.1,21.3,10,False,12,16900000,1,True,40.0,False,55.719389,37.581029
623,True,False,0.026109933837523733,4,5.0,27.0,10,False,8,16900000,2,True,41.0,True,55.747363,37.594485999999996
624,False,False,0.0408243405947937,3,9.0,48.1,7,False,5,16900000,3,True,71.5,True,55.767165000000006,37.658356
625,False,False,0.03095766225024467,1,9.0,36.0,7,False,6,17000000,2,True,58.0,True,55.725615000000005,37.632816999999996
626,False,False,0.026047571115169043,3,7.0,30.0,5,False,5,17000000,2,True,50.0,True,55.763169,37.644082
627,False,False,0.015749074893462053,1,3.0,63.0,5,False,5,17000000,5,False,72.0,True,55.767793000000005,37.626861
628,True,True,0.061302974560780536,8,9.0,33.0,7,False,9,17000000,2,True,55.0,True,55.73514,37.678236
629,False,True,0.03683890945725672,2,10.0,44.5,2,False,7,17000000,3,True,65.0,True,55.756193999999994,37.656568
630,False,True,0.036831364147967394,1,9.2,35.5,7,False,9,17000000,2,True,57.0,True,55.770978,37.587281
631,True,False,0.020844194635438955,5,8.0,31.0,9,False,5,17000000,2,True,52.0,True,55.73625,37.6312
632,False,False,0.03274789832951083,6,9.0,30.8,5,True,7,17106349,1,True,39.4,True,55.731075,37.64348
633,False,True,0.057550513472946874,4,12.0,53.8,7,False,44,17139500,3,False,84.0,True,55.77024399999999,37.564689
634,False,False,0.03274789832951083,6,10.0,33.8,5,True,7,17149453,1,False,45.2,True,55.731075,37.64348
635,True,False,0.03870981168903002,5,7.0,28.0,7,False,13,17150000,2,True,46.0,True,55.733254,37.586949
636,False,False,0.03274789832951083,2,10.0,32.7,5,True,7,17174697,1,False,43.1,True,55.731075,37.64348
637,True,False,0.03870981168903002,5,7.0,27.0,15,False,13,17199000,2,True,46.0,True,55.733254,37.586949
638,False,False,0.03870981168903002,5,7.0,28.0,10,False,13,17199000,2,True,46.0,True,55.733254,37.586949
639,False,True,0.06388380034093656,1,11.0,52.0,5,False,8,17200000,3,True,80.0,True,55.72127,37.564778000000004
640,False,True,0.06388380034093656,1,8.0,52.0,1,False,8,17200000,3,True,80.0,True,55.72127,37.564778000000004
641,True,True,0.06322432051038357,4,32.0,10.0,4,False,17,17200000,2,True,55.0,True,55.766329000000006,37.557860999999995
642,False,True,0.08567025895256879,6,15.5,61.2,6,True,11,17243100,2,True,61.2,True,55.75184599999999,37.534163
643,False,True,0.03967372239909233,5,10.0,27.3,7,False,8,17248000,1,True,44.8,True,55.76794399999999,37.582781
644,False,False,0.031591502417583135,10,12.0,42.0,5,False,13,30900000,2,False,75.0,True,55.722142000000005,37.618569
645,True,False,0.04013046121090489,3,18.0,96.4,10,False,7,100000000,3,False,153.0,True,55.73536800000001,37.584119
646,False,True,0.02669855250757989,4,41.0,166.7,15,False,5,53000000,5,True,265.0,True,55.756918000000006,37.646318
647,False,False,0.03274789832951083,6,10.0,33.9,5,True,6,17303313,1,False,45.5,True,55.731075,37.64348
648,False,True,0.056594642511457724,9,9.0,30.9,9,True,9,17403353,1,False,37.8,True,55.775753,37.671938
649,False,False,0.033881933076495716,3,8.0,35.6,10,True,8,17360000,1,True,43.4,True,55.767514,37.588871000000005
650,False,False,0.03967372239909233,6,9.0,34.0,12,False,8,17360000,1,True,43.4,True,55.76794399999999,37.582781
651,False,True,0.01930757605190311,6,7.0,20.2,4,False,6,17385000,1,True,31.0,True,55.763042000000006,37.636715
652,False,True,0.01930757605190311,6,6.0,25.5,4,False,6,17385000,2,True,40.5,True,55.763042000000006,37.636715
653,False,False,0.01930757605190311,6,8.0,17.0,4,False,6,17385000,1,False,30.5,True,55.763042000000006,37.636715
654,False,True,0.01930757605190311,6,7.0,19.9,4,False,6,17385000,1,False,30.5,True,55.763042000000006,37.636715
655,False,True,0.01930757605190311,6,7.0,30.5,5,False,6,17385000,1,False,30.5,True,55.763042000000006,37.636715
656,False,False,0.01930757605190311,6,6.0,30.5,2,False,6,17385000,1,False,30.5,True,55.763042000000006,37.636715
657,True,False,0.01930757605190311,6,9.0,41.0,4,False,6,17385000,1,False,41.0,True,55.763042000000006,37.636715
658,False,False,0.01930757605190311,6,10.0,20.0,4,True,6,17385000,1,False,30.5,True,55.763042000000006,37.636715
659,True,True,0.0202068438158984,6,6.0,33.0,9,False,14,17400000,2,True,53.0,True,55.73741,37.631757
660,False,True,0.03672398106142729,10,8.0,44.0,7,False,10,17450000,2,True,50.0,True,55.736316,37.652157
661,False,False,0.0702753537237668,11,10.0,34.0,13,True,21,17491610,1,True,45.7,True,55.762163,37.550048
662,True,False,0.03967372239909233,7,10.0,20.0,12,False,8,17500000,2,True,45.0,True,55.76794399999999,37.582781
663,True,False,0.022514735485897868,6,10.0,20.0,10,False,11,17500000,1,True,48.8,False,55.771434,37.60593
664,True,True,0.0989714808871698,3,10.0,55.0,15,False,8,17500000,3,True,80.0,True,55.758711,37.520967999999996
665,False,False,0.055122784263856084,7,11.0,40.0,2,False,14,17500000,2,True,69.2,True,55.780046,37.668237
666,False,True,0.057247645934129836,5,11.0,40.8,5,False,5,17537750,2,False,65.0,True,55.774958,37.672971000000004
667,True,False,0.057247645934129836,7,11.0,52.2,7,False,10,17591000,1,False,52.2,True,55.774958,37.672971000000004
668,False,False,0.058041180802944764,7,8.0,52.2,3,False,10,17591400,2,False,52.2,True,55.774634,37.673951
669,False,False,0.03994169493148763,3,7.0,52.0,5,False,6,17600000,3,True,63.0,True,55.779864,37.589626
670,True,False,0.06838467960734991,7,10.0,44.0,5,False,12,17700000,3,True,68.0,True,55.775636,37.684587
671,True,False,0.03815721134988703,5,7.0,30.0,7,False,9,17700000,2,True,54.0,False,55.738916,37.58464
672,True,False,0.04233554210117192,5,8.0,35.0,5,False,5,18000000,2,True,52.2,True,55.728859,37.585538
673,True,False,0.024918781852253,6,10.0,42.0,2,False,8,35000000,3,False,69.0,True,55.731176,37.609173
674,False,True,0.024348186482777926,2,14.0,57.0,8,False,6,35999999,3,False,85.0,True,55.760753,37.64312
675,False,True,0.01926407726832654,3,8.0,33.0,6,False,6,17700000,2,True,54.0,True,55.772077,37.614005999999996
676,False,False,0.0369864944270219,2,9.0,30.0,7,False,2,17700000,2,True,60.0,True,55.77835,37.647396
677,True,True,0.06404271988290619,3,14.0,34.0,5,False,17,17700000,2,False,60.0,False,55.767959999999995,37.557376
678,False,False,0.02330781613536726,2,7.0,25.0,4,False,6,17781204,1,True,34.0,True,55.749147,37.596956
679,True,False,0.0303699354131635,14,12.4,27.5,10,True,19,17778600,2,True,58.1,True,55.774305000000005,37.642132000000004
680,False,True,0.03967372239909233,5,10.0,27.1,10,False,8,17800000,1,True,44.5,True,55.76794399999999,37.582781
681,True,True,0.03720808944302169,6,7.0,32.0,8,False,9,17800000,2,True,46.8,True,55.730477,37.590749
682,False,True,0.057247645934129836,3,9.0,45.6,5,False,5,17839800,3,False,68.0,True,55.774958,37.672971000000004
683,False,True,0.057247645934129836,3,12.0,42.4,5,False,5,17839800,2,False,68.0,True,55.774958,37.672971000000004
684,False,False,0.057247645934129836,3,8.0,54.0,7,False,6,17839800,3,False,68.0,True,55.774958,37.672971000000004
685,True,False,0.057943049074066624,3,11.0,68.0,7,False,5,17839800,2,False,68.0,True,55.775459,37.673519
686,False,False,0.057247645934129836,2,11.0,46.4,5,True,9,17854200,2,False,65.4,True,55.774958,37.672971000000004
687,True,True,0.044947790924580094,3,9.0,38.0,5,False,8,17900000,2,True,58.0,True,55.75753100000001,37.575028
688,True,True,0.05420112815246598,3,12.9,31.1,6,False,14,17950000,2,False,58.2,True,55.766116000000004,37.567051
689,False,True,0.06917079835451133,3,11.0,66.0,12,False,6,17950000,4,True,91.5,True,55.757977000000004,37.550774
690,True,False,0.05265429464915752,11,8.6,30.6,7,False,12,17990000,2,False,60.9,True,55.766552000000004,37.568749
691,False,True,0.026850260650505574,1,12.0,56.0,7,False,4,18000000,3,True,84.0,True,55.778365,37.609182000000004
692,False,False,0.05411251519750519,3,10.0,42.9,5,False,4,18000000,2,False,63.8,True,55.72961,37.571363
693,False,False,0.041625866597587054,5,6.0,18.0,8,False,9,18000000,1,True,39.0,True,55.768522,37.580912
694,False,True,0.031793334207030975,7,9.0,32.0,6,False,7,18000000,2,False,54.0,True,55.766309,37.590623
695,True,False,0.05082082045776088,9,11.7,31.5,10,False,16,18000000,2,True,54.0,True,55.771925,37.572369
696,True,False,0.044680536881289784,8,6.0,30.0,5,False,9,18000000,2,True,48.0,True,55.744059,37.576187
697,True,False,0.046405801706250464,6,7.0,31.0,2,False,9,18000000,2,True,50.0,True,55.726532999999996,37.582197
698,True,False,0.041625866597587054,5,9.0,20.0,10,False,9,18000000,1,True,39.0,True,55.768522,37.580912
699,True,False,0.05337686997192725,5,9.0,45.0,6,False,5,18000000,3,True,66.0,True,55.744647,37.672415
700,False,True,0.04148557012986822,2,11.1,124.0,12,False,5,219089835,4,True,164.0,True,55.738448999999996,37.581236
701,False,True,0.024348186482777926,2,14.0,57.0,8,False,6,35999999,3,False,85.0,True,55.760753,37.64312
702,False,False,0.031591502417583135,10,12.0,42.0,5,False,13,30900000,2,False,75.0,True,55.722142000000005,37.618569
703,True,False,0.05797668242491641,13,10.4,28.7,5,True,13,18099200,2,True,50.5,True,55.742073,37.67661
704,True,False,0.05498776908549774,6,9.0,35.0,5,False,14,18100000,2,False,55.9,True,55.766754000000006,37.566395
705,True,False,0.05797668242491641,13,12.0,37.3,5,True,13,18102745,1,True,52.1,True,55.742073,37.67661
706,True,False,0.05797668242491641,13,12.0,37.1,5,True,13,18144038,1,True,51.7,True,55.742073,37.67661
707,False,False,0.033881933076495716,4,8.0,32.2,10,True,8,18160000,2,True,45.4,True,55.767514,37.588871000000005
708,True,False,0.05406014402496491,11,11.0,32.0,6,False,14,18200000,2,False,57.0,False,55.76564499999999,37.567087
709,True,True,0.06417576714773587,7,8.0,33.0,8,False,11,18300000,2,True,55.0,True,55.727029,37.561446000000004
710,False,False,0.009979231683850596,2,8.0,45.0,10,False,5,18300000,3,True,61.0,True,55.744935999999996,37.615057
711,False,True,0.057247645934129836,2,10.0,38.8,5,False,5,18390000,2,False,61.0,True,55.774958,37.672971000000004
712,False,False,0.057943049074066624,2,10.0,60.9,7,False,5,18390000,2,False,60.9,True,55.775459,37.673519
713,False,True,0.0425073209929748,1,12.0,54.9,8,False,6,18500000,3,True,82.4,True,55.765012,37.660790000000006
714,True,True,0.06370305161450036,5,10.7,51.3,10,False,17,18500000,3,True,80.0,True,55.741166,37.682269
715,True,False,0.05265429464915752,11,10.0,30.0,7,False,12,18500000,2,False,52.0,False,55.766552000000004,37.568749
716,False,True,0.0711800766858253,12,12.0,33.1,13,False,21,18500000,1,True,56.0,True,55.761557999999994,37.549067
717,False,True,0.027363001480101398,10,6.0,38.0,10,False,16,18500000,3,True,52.0,True,55.746056,37.593542
718,False,True,0.03935125128887119,1,8.0,36.9,3,False,24,18500000,2,True,51.0,True,55.759152,37.58084
719,False,True,0.03361586733969218,2,8.0,41.0,7,False,5,18500000,2,True,51.0,False,55.76485,37.651529
720,False,False,0.03935125128887119,1,17.0,24.0,3,False,30,18500000,1,False,41.0,True,55.759152,37.58084
721,False,False,0.03274789832951083,4,10.0,43.4,5,True,7,18533894,2,True,57.7,True,55.731075,37.64348
722,False,False,0.0331777141014886,7,6.0,35.0,9,True,7,18574516,2,True,57.9,True,55.73085699999999,37.643865999999996
723,False,True,0.04253829842623973,5,10.0,63.0,5,False,5,18600000,4,True,90.0,True,55.74878199999999,37.577560999999996
724,False,True,0.03033503337726678,4,12.0,56.0,4,False,6,18600000,3,True,80.0,False,55.773424,37.596758
725,False,False,0.04253829842623973,5,10.0,61.0,3,False,5,18600000,4,True,90.0,True,55.74878199999999,37.577560999999996
726,True,True,0.04404202561190936,5,8.0,35.0,10,False,6,18600000,2,True,56.0,True,55.787943000000006,37.592105
727,True,False,0.05797668242491641,2,12.0,48.5,5,True,13,18696634,2,False,67.5,True,55.742073,37.67661
728,False,False,0.023809701090102813,3,20.0,140.0,7,False,5,92081235,5,False,178.0,True,55.756330000000005,37.596148
729,True,True,0.055467892379282256,3,7.0,25.9,7,False,5,7850000,2,True,41.0,True,55.764906,37.674139000000004
730,False,True,0.0469570607683213,5,26.0,157.1,7,False,12,258200000,5,False,258.2,True,55.723698999999996,37.583696999999994
731,True,False,0.031618570777316474,3,9.0,48.0,5,False,8,18800000,3,True,82.0,False,55.727602000000005,37.63765
732,False,False,0.03274789832951083,1,11.0,45.3,5,True,6,18877252,2,True,61.3,True,55.731075,37.64348
733,False,False,0.018307431633085212,3,10.0,34.1,4,False,4,18900000,2,True,62.1,True,55.771742,37.622971
734,True,True,0.045015864425781225,4,8.5,54.0,10,False,6,19000000,3,True,80.0,True,55.791171999999996,37.594854
735,True,True,0.05438567099889247,3,9.0,58.0,11,False,5,19000000,3,True,80.0,True,55.769676000000004,37.567824
736,True,False,0.07055407119365878,3,10.0,49.0,11,False,25,19000000,3,True,80.5,True,55.73961,37.688944
737,False,False,0.048951384178592315,2,11.0,31.6,13,False,7,19000000,1,True,55.0,True,55.764951,37.667456
738,True,False,0.04627777480605391,8,8.2,25.3,6,False,12,19000000,2,True,43.9,True,55.742189,37.574992
739,False,False,0.03662814928439841,2,7.0,32.0,9,False,8,19000000,2,False,54.5,True,55.742215,37.585035
740,False,False,0.02559716462813755,6,10.0,36.0,5,False,8,19000000,2,True,62.0,True,55.77151,37.638207
741,True,False,0.04431021539103741,2,9.0,35.0,10,False,7,19000000,2,False,62.3,True,55.736001,37.660431
742,True,False,0.061305136171445736,12,8.0,55.0,15,False,19,19000000,2,False,55.0,True,55.760569999999994,37.680733000000004
743,True,True,0.03567439597245919,4,9.0,48.0,10,False,7,19000000,3,True,76.0,True,55.789021,37.624885
744,True,False,0.061305136171445736,12,11.0,54.1,21,False,19,19000000,1,False,54.1,True,55.760569999999994,37.680733000000004
745,False,False,0.02458240692039396,3,11.0,36.7,9,True,8,19096000,1,False,50.8,True,55.770208,37.638036
746,False,True,0.02458240692039396,3,11.0,30.4,6,False,8,19096000,1,False,50.8,True,55.770208,37.638036
747,False,True,0.02458240692039396,3,12.0,37.7,6,True,8,19096000,1,False,50.8,True,55.770208,37.638036
748,False,True,0.02458240692039396,3,15.0,25.0,5,False,8,19096000,1,False,50.8,True,55.770208,37.638036
749,False,False,0.033881933076495716,6,11.0,35.0,8,True,9,19240000,1,True,48.1,True,55.767514,37.588871000000005
750,False,True,0.02458240692039396,4,11.0,29.5,6,False,8,19332000,1,False,49.0,True,55.770208,37.638036
751,False,False,0.02458240692039396,4,11.0,48.8,7,True,8,19332000,1,True,48.8,False,55.770208,37.638036
752,False,True,0.02458240692039396,4,12.0,36.7,6,True,8,19332000,1,False,48.8,True,55.770208,37.638036
753,False,False,0.02458240692039396,4,15.0,25.0,5,False,8,19332000,1,False,48.8,True,55.770208,37.638036
754,True,False,0.02689375258308253,2,9.0,27.0,6,False,12,19400000,2,True,57.0,True,55.776791,37.606010999999995
755,False,True,0.055440545920837296,4,7.0,30.6,15,False,9,19500000,2,True,45.0,True,55.718633,37.576879
756,False,True,0.03505725233100868,6,22.0,98.9,5,True,9,96390000,3,False,153.0,True,55.744738,37.653703
757,False,False,0.0587515018531467,4,19.0,1.0,7,False,6,75443108,4,True,153.0,True,55.75993199999999,37.561392
758,False,False,0.021019947216873117,4,20.0,90.0,3,False,6,81900000,3,False,132.0,True,55.770258999999996,37.632771999999996
759,True,False,0.02689375258308253,2,9.6,30.0,5,False,12,19500000,2,True,60.0,True,55.776791,37.606010999999995
760,True,False,0.06047261145345464,5,6.1,42.8,8,False,8,19500000,3,True,66.0,True,55.728353000000006,37.564913
761,False,False,0.02343168113900488,2,9.0,37.0,5,False,7,19500000,2,True,56.0,True,55.730293999999994,37.618929
762,True,True,0.033578820288988565,6,10.3,44.6,15,False,17,19500000,3,True,71.0,False,55.787153,37.622819
763,True,False,0.035926051564289845,4,6.0,35.3,5,False,8,19500000,2,True,56.1,True,55.773368000000005,37.589743
764,True,True,0.025721590250217082,3,15.0,54.5,5,False,14,19500000,3,True,78.8,True,55.730826,37.631559
765,True,False,0.057247645934129836,3,10.0,60.9,7,False,5,19561000,2,False,60.9,True,55.774958,37.672971000000004
766,True,False,0.05830257457437118,3,12.0,54.0,5,False,5,19610000,3,False,85.0,True,55.775169999999996,37.674021999999994
767,False,False,0.048951384178592315,2,12.0,30.0,10,True,7,19676800,1,True,56.0,True,55.764951,37.667456
768,False,False,0.01682463931262539,8,7.0,26.0,2,False,10,19700000,1,True,32.0,True,55.76306700000001,37.605831
769,False,True,0.048951384178592315,2,13.0,39.5,13,True,7,19723264,1,True,54.4,True,55.764951,37.667456
770,True,True,0.07773399010085237,7,10.0,51.0,15,False,14,19800000,3,True,82.0,True,55.773757999999994,37.694917
771,True,False,0.02458240692039396,3,11.0,30.0,12,True,8,19800000,1,False,50.8,True,55.770208,37.638036
772,True,True,0.035046118772271005,5,8.0,35.0,4,False,9,19900000,2,True,56.0,True,55.76126899999999,37.585592
773,True,True,0.05750081782026688,2,10.5,48.7,2,False,18,19900000,3,False,74.0,True,55.746435999999996,37.676852000000004
774,False,False,0.028872211830751324,1,11.0,47.0,5,False,8,19900000,3,True,80.0,True,55.771859,37.642267
775,False,True,0.06061455819355981,2,9.0,43.0,10,False,8,19900000,3,True,70.0,True,55.728738,37.564581
776,False,False,0.030281187988581745,1,11.0,71.0,5,False,4,19900000,5,True,100.0,True,55.780694,37.606074
777,True,True,0.030987264900277537,4,8.9,33.3,3,False,5,19950000,2,True,58.1,True,55.773024,37.595582
778,True,False,0.030987264900277537,4,8.9,33.3,5,False,5,19950000,2,True,58.1,True,55.773024,37.595582
779,False,False,0.016139228482180776,5,25.0,30.0,2,False,5,19990000,2,True,65.7,True,55.74299499999999,37.631883
780,False,False,0.016139228482180776,5,8.0,41.0,2,False,5,19990000,3,True,65.7,True,55.74299499999999,37.631883
781,False,True,0.03967372239909233,6,11.0,30.0,6,False,8,20000000,1,True,50.0,True,55.76794399999999,37.582781
782,True,False,0.05337686997192725,5,9.0,45.0,6,False,5,20000000,3,True,66.0,True,55.744647,37.672415
783,False,True,0.03282106678643998,1,8.0,33.8,5,False,9,20000000,1,True,54.0,True,55.745853000000004,37.587946
784,False,False,0.031591502417583135,3,18.0,86.2,7,False,12,64865000,4,False,154.0,True,55.722142000000005,37.618569
785,True,False,0.036307084294937335,2,11.0,36.8,5,False,10,21634000,1,True,54.4,True,55.782906000000004,37.598232
786,False,True,0.08102186381465154,1,9.0,32.4,10,False,5,10500000,2,True,53.3,True,55.762713,37.539293
787,True,False,0.06777209087080392,3,6.9,63.7,12,False,5,20000000,4,True,90.0,True,55.75735400000001,37.552139000000004
788,False,True,0.03714212489882838,6,9.0,47.0,2,False,14,20000000,3,True,68.0,False,55.75461800000001,37.582682
789,False,True,0.05432545153976972,2,40.0,22.0,8,False,6,20000000,2,True,72.0,True,55.768066000000005,37.567419
790,False,True,0.05432545153976972,2,12.0,50.0,8,False,6,20000000,3,True,72.0,True,55.768066000000005,37.567419
791,False,True,0.04815161730409685,3,10.0,47.0,12,False,5,20000000,3,True,70.0,True,55.737552,37.574453000000005
792,False,False,0.011720544569259885,5,9.0,28.7,9,False,5,20000000,2,True,57.5,True,55.747586,37.629807
793,False,True,0.035942373655616665,10,12.0,37.0,5,False,10,20000000,2,True,70.0,True,55.735808999999996,37.650981
794,True,False,0.039702355761341415,2,9.8,81.3,3,False,9,20000000,4,True,105.3,True,55.760231000000005,37.658976
795,False,False,0.04429283431888005,2,13.0,66.0,8,False,10,20000000,1,False,66.0,True,55.751903000000006,37.664069
796,False,True,0.03354429675816899,5,10.0,45.0,7,False,5,20000000,3,True,75.0,True,55.72033199999999,37.616467
797,False,False,0.06916337181629975,4,8.0,59.0,10,False,5,20000000,4,True,84.0,True,55.756158,37.550693
798,False,True,0.02458240692039396,4,11.0,30.5,6,False,8,20112000,1,False,51.0,True,55.770208,37.638036
799,False,False,0.02458240692039396,4,15.0,25.0,5,False,6,20112000,1,False,50.8,True,55.770208,37.638036
800,True,False,0.02458240692039396,4,10.0,23.0,6,True,8,20112000,1,False,50.8,True,55.770208,37.638036
801,False,False,0.033881933076495716,6,8.0,35.7,10,True,8,20120000,2,True,50.3,True,55.767514,37.588871000000005
802,False,True,0.057247645934129836,3,10.0,49.4,5,False,5,20148100,3,False,75.4,True,55.774958,37.672971000000004
803,False,False,0.05830257457437118,3,13.0,75.4,7,False,5,20148100,2,False,75.4,True,55.775169999999996,37.674021999999994
804,False,False,0.057014074797366136,2,10.0,92.0,5,False,6,20258022,4,False,92.0,True,55.77629399999999,37.672163
805,True,False,0.02458240692039396,3,11.0,30.0,12,True,8,20300800,1,True,48.8,True,55.770208,37.638036
806,False,False,0.02458240692039396,5,10.0,25.0,6,False,8,20308000,1,False,48.8,True,55.770208,37.638036
807,False,False,0.048951384178592315,2,8.0,44.6,15,True,7,20314000,1,True,54.4,True,55.764951,37.667456
808,True,False,0.0303699354131635,2,10.2,52.9,10,True,19,20350000,3,True,92.5,True,55.774305000000005,37.642132000000004
809,True,False,0.05797668242491641,2,11.0,63.8,5,True,13,20384954,2,False,63.8,False,55.742073,37.67661
810,True,True,0.061823686666199584,4,10.1,53.4,1,False,17,20400000,3,True,81.0,True,55.76610600000001,37.559245000000004
811,True,False,0.0566480030539497,3,12.0,44.3,10,False,4,20450000,3,True,87.0,True,55.76679,37.674929999999996
