,Bal,Brick,Dist,Floor,Kitsp,Livesp,Metrdist,New,Nfloors,Price,Rooms,Tel,Totsp,Walk,lat,lon
0,1.0,1.0,0.041515621758562764,3.0,12.1,66.8,2.0,0.0,7.0,93000000.0,3.0,0.0,142.0,1.0,55.750038,37.57846
1,1.0,1.0,0.02053887730622087,7.0,16.0,116.0,8.0,0.0,7.0,62234214.0,4.0,1.0,172.0,1.0,55.773024,37.612829
2,0.0,1.0,0.02635504403334961,3.0,NA,NA,9.0,0.0,7.0,81280000.0,3.0,1.0,146.3,1.0,55.744024,37.644324
3,0.0,0.0,0.057014074797366136,2.0,NA,NA,5.0,0.0,5.0,4814581.0,1.0,NA,17.3,1.0,55.776294,37.672163
4,0.0,1.0,0.057014074797366136,2.0,NA,17.3,5.0,0.0,6.0,4814581.0,1.0,0,17.3,1.0,55.776294,37.672163
5,0.0,1.0,0.029120763880775016,5.0,8.0,27.0,5.0,0.0,5.0,5000000.0,1.0,1.0,35.0,1.0,55.777829,37.603496
6,0.0,0.0,0.057014074797366136,5.0,NA,NA,5.0,0.0,5.0,5377566.0,1.0,NA,18.3,1.0,55.776294,37.672163
7,0.0,0.0,0.05659464251145772,5.0,NA,18.3,6.0,1.0,NA,5377566.0,1.0,NA,18.3,1.0,55.775753,37.671938
8,0.0,0.0,0.05659464251145772,2.0,NA,23.7,6.0,1.0,NA,5496232.0,1.0,NA,23.7,1.0,55.775753,37.671938
9,0.0,1.0,0.057014074797366136,2.0,NA,23.7,5.0,0.0,6,5496232.0,1.0,0,23.7,1.0,55.776294,37.672163
10,0.0,0.0,0.058386680544454984,1.0,7.0,20.0,4.0,0.0,9.0,5500000.0,1.0,1.0,32.0,1.0,55.730101,37.673214
11,1.0,1.0,0.09737198521648666,3.0,NA,16.0,NA,0.0,5,5999000.0,1.0,1,30.0,NA,55.756356,37.522477
12,0.0,1.0,0.08138045213071718,5.0,NA,20.0,10,0.0,5,6000000.0,1.0,NA,32.0,1,55.764551,37.539158
13,0.0,0.0,0.09681553547339339,1.0,NA,20.0,13,0.0,12,6000000.0,1.0,NA,35.0,1,55.753387,37.522998
14,1.0,0.0,0.0595988253659407,12.0,10.0,20.0,10.0,0.0,12.0,6100000.0,1.0,1.0,36.0,1.0,55.737988,37.677301
15,1.0,0.0,0.07266606840197135,1.0,9.6,20.0,10,0.0,1,6200000.0,1.0,NA,37.4,1,55.775793,37.689042
16,0.0,0.0,0.05659464251145772,4.0,NA,25.5,6,1.0,NA,6258687.0,1.0,NA,25.5,1,55.775753,37.671938
17,0.0,0.0,0.057014074797366136,4.0,NA,NA,5,0.0,4,6258687.0,1.0,NA,25.5,1,55.776294,37.672163
18,0.0,0.0,0.05659464251145772,2.0,NA,32.6,6,1.0,NA,6285999.0,1.0,NA,32.6,1,55.775753,37.671938
19,0.0,0.0,0.06984229925339042,1.0,8.0,18.0,12.0,0.0,4.0,6300000.0,1.0,1.0,35.0,0.0,55.778522,37.685099
20,0.0,1.0,0.056937327949245914,3.0,NA,29.5,5,0.0,6,6325576.0,1.0,0,29.5,1,55.775824,37.67228
21,0.0,0.0,0.057014074797366136,3.0,NA,NA,5,0.0,4,6325576.0,1.0,NA,30.0,1,55.776294,37.672163
22,0.0,0.0,0.057014074797366136,3.0,NA,NA,5,0.0,4,6437035.0,1.0,NA,33.5,1,55.776294,37.672163
23,0.0,0.0,0.05659464251145772,3.0,NA,33.4,6,1.0,NA,6437035.0,1.0,NA,33.4,1,55.775753,37.671938
24,0.0,0.0,0.057014074797366136,4.0,NA,NA,5,0.0,4,6449418.0,1.0,NA,28.5,1,55.776294,37.672163
25,0.0,0.0,0.05659464251145772,3.0,NA,28.2,6,1.0,NA,6467402.0,1.0,NA,28.2,1,55.775753,37.671938
26,0.0,1.0,0.09789416254302727,2.0,NA,20.5,11,0.0,5,6500000.0,1.0,1,36.8,1,55.751361,37.521947
27,0.0,0.0,0.05659464251145772,4.0,NA,33.2,6,1.0,NA,6521566.0,1.0,NA,33.2,1,55.775753,37.671938
28,1.0,1.0,0.0540130588839386,7.0,12.2,26.6,5,1.0,13,29634768.0,1.0,NA,68.1,1,55.726762,37.573002
29,1.0,1.0,0.03257940842004308,4.0,15.0,37.0,6,0.0,7,31400000.0,2.0,NA,76.0,1,55.731272,37.643435
30,1.0,1.0,0.02877113040879898,7.0,9.0,49.0,11,0.0,9,41000000.0,2.0,NA,62.0,1,55.764445,37.59312
31,0.0,0.0,0.05659464251145772,4.0,NA,28.1,6,1.0,NA,6577730.0,1.0,NA,28.1,1,55.775753,37.671938
32,0.0,0.0,0.05659464251145772,2.0,NA,27.9,6,1.0,NA,6597337.0,1.0,NA,27.9,1,55.775753,37.671938
33,1.0,0.0,0.10100175369764433,2.0,10.0,18.0,10.0,0.0,12.0,6600000.0,1.0,1.0,34.0,1.0,55.758564,37.518928
34,1.0,1.0,0.06166732231092703,5.0,6.0,18.0,5,0.0,9,6600000.0,2.0,NA,33.1,1,55.73003,37.676753
35,1.0,1.0,0.06166732231092703,5.0,5.6,20.2,5,0.0,9,6600000.0,1.0,NA,33.1,1,55.73003,37.676753
36,0.0,1.0,0.06604857352736594,5.0,NA,27.8,NA,1.0,19,6690600.0,2.0,NA,41.2,NA,55.745617,37.685364
37,1.0,1.0,0.07761312273062933,4.0,7.0,19.0,15.0,0.0,5.0,6800000.0,1.0,0.0,31.0,1.0,55.759537,37.542419
38,1.0,0.0,0.05959732538461957,9.0,8.0,17.0,9,0.0,12,6850000.0,1.0,NA,32.0,1,55.734962,37.676385
39,0.0,0.0,0.05659464251145772,1.0,NA,25.4,6,1.0,NA,6889376.0,1.0,NA,25.4,1,55.775753,37.671938
40,0.0,1.0,0.06604857352736594,4.0,NA,27.8,NA,1.0,19,6980600.0,2.0,NA,41.3,NA,55.745617,37.685364
41,0.0,1.0,0.06604857352736594,5.0,NA,23.4,NA,1.0,19,6980600.0,2.0,NA,42.0,NA,55.745617,37.685364
42,0.0,0.0,0.04092259058270411,5.0,7.5,17.6,6,0.0,9,6998000.0,1.0,NA,33.0,1,55.789345,37.639931
43,0.0,1.0,0.06606026631039068,2.0,NA,22.0,10,0.0,9,7000000.0,2.0,0,35.0,1,55.735302,37.683257
44,0.0,1.0,0.05755051347294687,20.0,NA,25.0,7,1.0,44,7000000.0,1.0,NA,42.0,1,55.770244,37.564689
45,1.0,0.0,0.06606026631039068,5.0,NA,22.0,16,0.0,9,7050000.0,2.0,NA,34.0,1,55.735302,37.683257
46,1.0,1.0,0.05755051347294687,29.0,10.0,27.4,NA,1.0,44,7140000.0,1.0,NA,41.8,NA,55.770244,37.564689
47,0.0,0.0,0.07483510370140219,4.0,NA,25.0,12,0.0,5,7200000.0,1.0,NA,27.0,1,55.77472,37.691638
48,1.0,1.0,0.06545589484530963,3.0,6.0,19.0,15,0.0,9,7200000.0,1.0,NA,32.0,1,55.733472,37.682062
49,0.0,1.0,0.0623678606735873,2.0,6.0,18.0,4.0,0.0,9.0,7200000.0,1.0,0.0,31.0,1.0,55.774011,37.678784
50,1.0,0.0,0.05500719171162769,8.0,6.0,16.0,12,0.0,16,7200000.0,1.0,NA,30.0,1,55.740771,37.673277
51,0.0,1.0,0.056937327949245914,3.0,NA,33.6,5,0.0,6,7220153.0,1.0,0,33.6,1,55.775824,37.67228
52,0.0,1.0,0.05755051347294687,20.0,NA,NA,11,1.0,44,7250000.0,1.0,NA,41.9,1,55.770244,37.564689
53,0.0,0.0,0.05659464251145772,3.0,NA,32.5,6,1.0,NA,7334891.0,1.0,NA,32.5,1,55.775753,37.671938
54,1.0,0.0,0.04882968298074638,4.0,6.0,19.5,5.0,0.0,5.0,7400000.0,1.0,0.0,32.0,1.0,55.755353,37.668615
55,0.0,0.0,0.05659464251145772,2.0,NA,27.6,6,1.0,NA,7411462.0,1.0,NA,27.6,1,55.775753,37.671938
56,1.0,1.0,0.02212880783051607,6.0,9.0,58.0,13,0.0,10,26481293.0,3.0,NA,87.0,1,55.772679,37.608419
57,0.0,0.0,0.021258679403952846,2.0,NA,NA,7,1.0,7,99450000.0,4.0,NA,153.0,1,55.732498,37.61839
58,0.0,0.0,0.015741623931471497,3.0,20.0,65.0,5.0,0.0,6.0,41277795.0,3.0,0.0,117.0,1.0,55.766749,37.628631
59,1.0,0.0,0.0815786543465851,5.0,6.0,30.0,15.0,0.0,5.0,7500000.0,2.0,1.0,45.0,1.0,55.75937,37.538431
60,1.0,0.0,0.07211833759869878,9.0,8.5,17.0,10.0,0.0,12.0,7500000.0,1.0,0.0,35.2,1.0,55.773732,37.689096
61,0.0,0.0,0.05659464251145772,4.0,NA,33.0,6,1.0,NA,7584028.0,1.0,NA,33.0,1,55.775753,37.671938
62,1.0,0.0,0.07627556046991522,2.0,6.0,36.0,15.0,0.0,5.0,7650000.0,2.0,1.0,43.0,1.0,55.762571,37.544054
63,1.0,0.0,0.07627556046991522,2.0,6.0,36.0,10.0,0.0,5.0,7650000.0,2.0,1.0,43.0,1.0,55.762571,37.544054
64,1.0,0.0,0.0303699354131635,8.0,NA,NA,5,0.0,16,7693500.0,1.0,NA,34.0,1,55.774305,37.642132
65,0.0,0.0,0.057014074797366136,4.0,NA,NA,5,0.0,4,7764334.0,1.0,NA,32.2,1,55.776294,37.672163
66,0.0,1.0,0.05659464251145772,3.0,NA,NA,9,1.0,6,7787802.0,1.0,NA,32.2,1,55.775753,37.671938
67,1.0,0.0,0.05696238283288423,3.0,6.0,21.0,4,0.0,5,7800000.0,1.0,NA,32.0,1,55.761882,37.56344
68,1.0,1.0,0.07204426157578561,7.0,6.0,20.0,13.0,0.0,9.0,7800000.0,1.0,1.0,31.0,1.0,55.764384,37.548564
69,0.0,0.0,0.05659464251145772,3.0,NA,34.9,6,1.0,NA,7838741.0,1.0,NA,34.9,1,55.775753,37.671938
70,0.0,1.0,0.023866939351325556,3.0,NA,15.0,4,0.0,5,7850000.0,1.0,NA,24.0,1,55.770294,37.636976
71,0.0,0.0,0.05659464251145772,2.0,NA,29.0,6,1.0,NA,7863878.0,1.0,NA,29.0,1,55.775753,37.671938
72,0.0,1.0,0.057014074797366136,2.0,NA,29.0,5,0.0,6,7863878.0,1.0,0,29.0,1,55.776294,37.672163
73,1.0,0.0,0.0303699354131635,3.0,9.0,19.0,5,0.0,16,7866000.0,1.0,NA,34.0,1,55.774305,37.642132
74,1.0,1.0,0.06635873030732513,2.0,9.0,20.0,8.0,0.0,14.0,8000000.0,1.0,1.0,37.0,0.0,55.734141,37.683221
75,1.0,1.0,0.07295868565153621,5.0,5.6,29.2,7,0.0,5,8000000.0,2.0,NA,43.4,1,55.754335,37.546857
76,1.0,0.0,0.0303699354131635,8.0,9.0,19.0,5,0.0,16,8002800.0,1.0,NA,34.0,1,55.774305,37.642132
77,0.0,1.0,0.03412641558968665,2.0,10.0,25.0,5,1.0,5,8010090.0,2.0,NA,39.0,1,55.721589,37.608284
78,0.0,0.0,0.06502437872059957,2.0,9.0,15.0,7.0,0.0,17.0,8050000.0,1.0,1.0,35.0,1.0,55.743781,37.684075
79,0.0,1.0,0.05755051347294687,3.0,NA,NA,5,1.0,39,8076150.0,1.0,NA,41.1,1,55.770244,37.564689
80,0.0,0.0,0.057014074797366136,2.0,NA,NA,5,0.0,5,8081363.0,2.0,NA,55.2,1,55.776294,37.672163
81,0.0,0.0,0.057014074797366136,2.0,NA,NA,5,0.0,5,8081363.0,1.0,NA,55.2,1,55.776294,37.672163
82,0.0,1.0,0.056937327949245914,2.0,NA,55.2,5,0.0,6,8081363.0,2.0,0,55.2,1,55.775824,37.67228
83,1.0,1.0,0.057034791005142485,3.0,6.0,19.0,10,0.0,5,8100000.0,1.0,NA,31.0,1,55.757962,37.562937
84,1.0,1.0,0.01789959019084317,5.0,NA,94.5,5,1.0,6,76234000.0,4.0,NA,151.4,1,55.736909,37.62599
85,0.0,0.0,0.023727139418819168,2.0,15.0,89.0,11.0,0.0,4.0,55000000.0,4.0,1.0,117.0,1.0,55.762586,37.597809
86,1.0,1.0,0.052273106814117606,9.0,16.0,94.5,10.0,0.0,11.0,93351321.0,3.0,0.0,142.0,1.0,55.734973,37.571013
87,0.0,1.0,0.056937327949245914,2.0,NA,39.8,5,0.0,6,8112552.0,1.0,0,39.8,1,55.775824,37.67228
88,0.0,0.0,0.05659464251145772,2.0,NA,39.8,6,1.0,NA,8112552.0,1.0,NA,39.8,1,55.775753,37.671938
89,1.0,0.0,0.02764053906855036,3.0,NA,40.0,4,0.0,5,8150000.0,3.0,1,56.0,1,55.733655,37.638835
90,0.0,0.0,0.05755051347294687,3.0,NA,NA,7,0.0,44,8157500.0,1.0,NA,43.0,1,55.770244,37.564689
91,1.0,0.0,0.059634956761954905,7.0,5.6,32.3,7.0,0.0,9.0,8200000.0,2.0,1.0,44.6,1.0,55.730831,37.674885
92,1.0,0.0,0.055260516293280215,12.0,9.0,18.0,11,0.0,12,8200000.0,1.0,NA,36.0,1,55.766724,37.673519
93,1.0,1.0,0.07878344283540856,2.0,8.5,20.0,15.0,0.0,5.0,8200000.0,1.0,1.0,40.0,1.0,55.761381,37.541404
94,0.0,0.0,0.05659464251145772,5.0,NA,30.6,6,1.0,NA,8230204.0,1.0,NA,30.6,1,55.775753,37.671938
95,0.0,1.0,0.05659464251145772,5.0,NA,NA,9,1.0,6,8230204.0,1.0,NA,30.6,1,55.775753,37.671938
96,0.0,0.0,0.05659464251145772,4.0,NA,28.6,6,1.0,NA,8232146.0,1.0,NA,28.6,1,55.775753,37.671938
97,0.0,0.0,0.06699216031745672,7.0,10.0,19.0,5.0,0.0,12.0,8299000.0,1.0,1.0,35.0,1.0,55.772639,37.684075
98,0.0,0.0,0.06699216031745672,7.0,10.0,17.0,5.0,0.0,12.0,8300000.0,1.0,1.0,35.0,0.0,55.772639,37.684075
99,0.0,0.0,0.05659464251145772,2.0,NA,37.9,6,1.0,NA,8375472.0,1.0,NA,37.9,1,55.775753,37.671938
100,0.0,1.0,0.05027642207834481,5.0,6.0,19.0,7.0,0.0,5.0,8400000.0,1.0,1.0,31.0,1.0,55.762505,37.570312
101,1.0,1.0,0.05174657056269565,9.0,5.1,19.0,6.0,0.0,9.0,8400000.0,1.0,1.0,32.0,1.0,55.771418,37.668435
102,1.0,1.0,0.08051343014677274,7.0,8.0,19.0,14.0,0.0,16.0,8400000.0,1.0,1.0,39.0,1.0,55.775262,37.697388
103,0.0,0.0,0.051907676359091895,6.0,11.5,18.5,5.0,0.0,17.0,8500000.0,1.0,1.0,37.0,1.0,55.734805,37.668156
104,0.0,1.0,0.05267749087608881,1.0,NA,26.6,7,0.0,9,8500000.0,2.0,0,42.0,1,55.755282,37.567159
105,1.0,0.0,0.042075086333841105,6.0,9.0,18.0,10.0,0.0,16.0,8500000.0,1.0,1.0,35.0,1.0,55.78486,37.59153
106,1.0,0.0,0.06005488144189148,3.0,6.0,28.7,8.0,0.0,5.0,8500000.0,2.0,1.0,43.5,1.0,55.770537,37.562164
107,0.0,0.0,0.05659464251145772,4.0,NA,37.0,6,1.0,NA,8513060.0,1.0,NA,37.0,1,55.775753,37.671938
108,1.0,0.0,0.08592376217321916,1.0,12.0,37.0,18,0.0,13,8600000.0,2.0,NA,52.0,1,55.771034,37.703972
109,0.0,0.0,0.05659464251145772,4.0,NA,36.8,6,1.0,NA,8611226.0,1.0,NA,36.8,1,55.775753,37.671938
110,0.0,1.0,0.055122784263856084,13.0,NA,23.1,2,0.0,14,8650000.0,1.0,NA,38.8,1,55.780046,37.668237
111,1.0,1.0,0.05755051347294687,2.0,16.0,20.0,7,1.0,44,8690500.0,1.0,NA,45.5,1,55.770244,37.564689
112,1.0,1.0,0.052273106814117606,9.0,16.0,94.5,10.0,0.0,11.0,93351321.0,3.0,0.0,142.0,1.0,55.734973,37.571013
113,0.0,1.0,0.05659464251145772,4.0,NA,NA,9,1.0,6,7183146.0,1.0,NA,24.7,1,55.775753,37.671938
114,0.0,0.0,0.026074574320593305,3.0,NA,NA,9,0.0,8,497810207.0,4.0,NA,261.3,1,55.742514,37.596264
115,1.0,1.0,0.03887343541546278,4.0,6.0,29.0,6.0,0.0,9.0,8700000.0,2.0,1.0,44.0,0.0,55.791344,37.629547
116,1.0,0.0,0.07012410345237648,12.0,8.0,19.0,10,0.0,17,8700000.0,1.0,NA,39.0,1,55.742103,37.68897
117,0.0,0.0,0.05659464251145772,2.0,NA,52.7,6,1.0,NA,8839861.0,1.0,NA,52.7,1,55.775753,37.671938
118,0.0,0.0,0.05659464251145772,2.0,NA,40.3,6,1.0,NA,8851913.0,1.0,NA,40.3,1,55.775753,37.671938
119,0.0,0.0,0.05659464251145772,3.0,NA,39.4,6,1.0,NA,8896178.0,1.0,NA,39.4,1,55.775753,37.671938
120,1.0,0.0,0.05860856955258655,12.0,10.5,20.0,3.0,0.0,22.0,8900000.0,1.0,1.0,40.0,0.0,55.745473,37.67784
121,1.0,0.0,0.060006974036354424,1.0,7.0,31.0,9,0.0,12,8900000.0,2.0,NA,47.5,1,55.728591,37.67431
122,0.0,0.0,0.05659464251145772,3.0,NA,43.7,6,1.0,NA,8903736.0,1.0,NA,43.7,1,55.775753,37.671938
123,0.0,0.0,0.05659464251145772,4.0,NA,49.9,6,1.0,NA,8943624.0,1.0,NA,49.9,1,55.775753,37.671938
124,1.0,0.0,0.03936069157166937,3.0,5.0,18.0,11,0.0,9,9000000.0,1.0,NA,31.0,1,55.765088,37.657493
125,0.0,0.0,0.0379594333598392,1.0,NA,40.0,8,0.0,8,9000000.0,2.0,1,52.0,1,55.788054,37.635979
126,0.0,0.0,0.03749243208969009,4.0,7.0,17.0,4.0,0.0,12.0,9000000.0,1.0,1.0,33.0,1.0,55.753889,37.657305
127,1.0,0.0,0.06159828013832693,13.0,8.0,19.0,10,0.0,17,9000000.0,1.0,NA,38.0,1,55.740705,37.680023
128,0.0,0.0,0.06043001989905329,1.0,10.0,20.0,7.0,0.0,12.0,9000000.0,1.0,1.0,40.0,1.0,55.768061,37.678514
129,1.0,0.0,0.057717166753052176,5.0,5.1,21.3,3,0.0,9,9000000.0,1.0,NA,31.6,1,55.761872,37.562676
130,0.0,1.0,0.05082082045776088,1.0,NA,16.0,9,0.0,16,9000000.0,1.0,1,36.7,1,55.771925,37.572369
131,0.0,1.0,0.05082082045776088,1.0,NA,16.0,5,0.0,16,9000000.0,1.0,1,36.7,1,55.771925,37.572369
132,1.0,0.0,0.03945382906639161,7.0,7.2,31.0,7.0,0.0,12.0,9000000.0,2.0,1.0,48.0,1.0,55.787801,37.639671
133,1.0,1.0,0.05723368522994218,16.0,10.0,17.0,4.0,0.0,21.0,9000000.0,1.0,1.0,35.0,1.0,55.781934,37.669603
134,0.0,0.0,0.03965514802645335,4.0,NA,34.0,3,0.0,6,9000000.0,2.0,NA,54.0,1,55.771312,37.655347
135,1.0,0.0,0.03155062657064318,12.0,10.0,19.1,9.0,0.0,16.0,9100000.0,1.0,1.0,38.0,1.0,55.725995,37.634892
136,0.0,0.0,0.05659464251145772,3.0,NA,53.3,6,1.0,NA,9117548.0,1.0,NA,53.3,1,55.775753,37.671938
137,0.0,1.0,0.056937327949245914,3.0,NA,53.3,5,0.0,6,9117548.0,2.0,0,53.3,1,55.775824,37.67228
138,0.0,1.0,0.05755051347294687,4.0,NA,NA,5,1.0,39,9145500.0,1.0,NA,45.5,1,55.770244,37.564689
139,1.0,0.0,0.023337373738278377,16.0,9.7,19.0,5.0,0.0,16.0,9199000.0,1.0,1.0,34.2,1.0,55.776051,37.626556
140,0.0,1.0,0.033881933076495716,1.0,NA,23.0,8,1.0,9,10800000.0,1.0,NA,27.0,1,55.767514,37.588871
141,1.0,1.0,0.0727999179738527,13.0,14.0,57.0,10.0,0.0,22.0,27800000.0,2.0,1.0,107.0,1.0,55.758073,37.547144
142,1.0,1.0,0.05797668242491641,2.0,NA,NA,5,1.0,13,14891971.0,1.0,NA,52.1,1,55.742073,37.67661
143,0.0,1.0,0.026975566815176214,1.0,6.0,29.0,6.0,0.0,5.0,9200000.0,2.0,1.0,44.0,1.0,55.779423,37.627966
144,1.0,0.0,0.06529691981250221,9.0,8.0,19.0,11.0,0.0,17.0,9200000.0,1.0,1.0,38.0,1.0,55.74108,37.683877
145,0.0,1.0,0.05755051347294687,7.0,NA,NA,5,1.0,39,9230550.0,1.0,NA,44.7,1,55.770244,37.564689
146,1.0,1.0,0.08882088922095101,8.0,5.0,27.0,7.0,0.0,9.0,9300000.0,2.0,1.0,42.0,1.0,55.776598,37.705634
147,0.0,1.0,0.057014074797366136,2.0,NA,42.6,5,0.0,6,9356608.0,1.0,0,42.6,1,55.776294,37.672163
148,0.0,0.0,0.06242104548948118,1.0,NA,22.0,2,0.0,9,9390000.0,2.0,1,37.0,1,55.774811,37.678559
149,0.0,0.0,0.05659464251145772,4.0,NA,41.2,6,1.0,NA,9395149.0,1.0,NA,41.2,1,55.775753,37.671938
150,0.0,1.0,0.05755051347294687,7.0,NA,NA,5,1.0,39,9432900.0,1.0,NA,44.6,1,55.770244,37.564689
151,1.0,0.0,0.06043001989905329,11.0,7.5,22.2,5.0,0.0,12.0,9500000.0,2.0,1.0,39.5,1.0,55.768061,37.678514
152,0.0,0.0,0.05706056300107692,6.0,10.0,20.0,5.0,0.0,18.0,9500000.0,1.0,0.0,38.5,1.0,55.746466,37.676412
153,0.0,1.0,0.04003736317491667,5.0,9.0,21.0,7.0,0.0,13.0,9500000.0,1.0,0.0,40.0,0.0,55.733624,37.654448
154,1.0,1.0,0.038998003243754305,3.0,6.0,29.0,9.0,0.0,5.0,9500000.0,2.0,1.0,43.0,1.0,55.73478,37.653909
155,1.0,0.0,0.050932054994868685,5.0,9.6,20.0,9.0,0.0,12.0,9500000.0,1.0,1.0,35.2,1.0,55.766694,37.570564
156,0.0,1.0,0.032854168989643995,1.0,NA,18.0,4,0.0,5,9500000.0,1.0,0,30.0,1,55.769707,37.591117
157,1.0,1.0,0.0530119740530372,4.0,6.8,29.0,15.0,0.0,5.0,9500000.0,2.0,1.0,45.0,1.0,55.771641,37.569926
158,0.0,1.0,0.03965514802645335,2.0,NA,27.0,5,0.0,6,9500000.0,2.0,1,39.0,1,55.771312,37.655347
159,0.0,0.0,0.05659464251145772,5.0,NA,36.6,6,1.0,NA,9574472.0,1.0,NA,36.6,1,55.775753,37.671938
160,1.0,1.0,0.08497325119118225,1.0,7.0,30.0,11,0.0,14,9700000.0,2.0,NA,50.0,1,55.772396,37.702706
161,1.0,0.0,0.04917358426024806,3.0,6.0,32.0,11.0,0.0,17.0,9700000.0,2.0,1.0,38.0,1.0,55.741642,37.667483
162,1.0,0.0,0.03724909934481409,2.0,7.4,29.0,7.0,0.0,12.0,9700000.0,2.0,1.0,47.4,1.0,55.785878,37.601034
163,1.0,0.0,0.050932054994868685,3.0,9.0,20.0,9,0.0,12,9700000.0,1.0,NA,35.0,1,55.766694,37.570564
164,0.0,1.0,0.057014074797366136,5.0,NA,46.2,5,0.0,6,9768439.0,2.0,0,46.2,1,55.776294,37.672163
165,0.0,1.0,0.05659464251145772,2.0,NA,NA,9,1.0,6,9769141.0,1.0,NA,44.5,1,55.775753,37.671938
166,1.0,1.0,0.05659464251145772,3.0,10.0,45.0,5.0,0.0,5.0,9800000.0,1.0,0.0,60.0,1.0,55.775753,37.671938
167,1.0,1.0,0.09023915718245382,6.0,NA,42.0,8,0.0,9,9800000.0,3.0,1,58.0,1,55.777742,37.706793
168,0.0,1.0,0.027002622113414577,5.0,NA,70.0,8,0.0,6,56000000.0,5.0,NA,152.0,1,55.762358,37.645393
169,1.0,1.0,0.030001658170843416,4.0,17.4,98.0,9.0,0.0,6.0,87000000.0,3.0,1.0,143.0,1.0,55.743086,37.591755
170,1.0,1.0,0.0711800766858253,13.0,21.0,90.0,10,0.0,21,105000000.0,4.0,NA,181.4,1,55.761558,37.549067
171,1.0,1.0,0.0420934421495788,4.0,NA,20.2,9,1.0,13,9822900.0,1.0,NA,41.1,1,55.770853,37.658257
172,1.0,0.0,0.04671735588622546,6.0,8.0,32.0,3.0,0.0,7.0,9850000.0,2.0,0.0,55.0,0.0,55.731739,37.661042
173,0.0,1.0,0.056937327949245914,3.0,NA,59.1,5,0.0,6,9886025.0,3.0,0,59.1,1,55.775824,37.67228
174,1.0,0.0,0.03945382906639161,7.0,8.0,32.0,12.0,0.0,12.0,9900000.0,2.0,0.0,49.0,1.0,55.787801,37.639671
175,1.0,1.0,0.02739638213341306,10.0,9.1,19.5,3,0.0,14,9900000.0,1.0,NA,38.0,1,55.730086,37.633688
176,0.0,0.0,0.036523068340432036,7.0,8.0,15.0,7,0.0,8,9900000.0,1.0,NA,30.0,1,55.765949,37.654224
177,1.0,1.0,0.057034791005142485,4.0,5.5,28.6,10.0,0.0,5.0,9900000.0,2.0,1.0,42.6,1.0,55.757962,37.562937
178,0.0,1.0,0.057014074797366136,1.0,NA,46.2,5,0.0,6,9930382.0,2.0,0,46.2,1,55.776294,37.672163
179,0.0,1.0,0.0406701053477821,1.0,5.0,27.0,10,0.0,8,9950000.0,2.0,NA,40.0,1,55.747459,37.66
180,1.0,0.0,0.037925991747088744,5.0,10.0,20.0,12.0,0.0,8.0,9990000.0,1.0,0.0,35.0,1.0,55.740472,37.584272
181,0.0,1.0,0.02476310517685456,3.0,4.0,24.0,4,0.0,5,10000000.0,2.0,NA,33.0,1,55.770942,37.637596
182,0.0,0.0,0.06723544887185398,2.0,9.7,19.9,3.0,0.0,12.0,10000000.0,1.0,1.0,34.8,1.0,55.744662,37.686437
183,1.0,1.0,0.03923916697637812,3.0,7.8,30.0,8.0,0.0,8.0,10000000.0,2.0,1.0,46.0,1.0,55.792124,37.627813
184,1.0,0.0,0.09681553547339339,9.0,10.0,20.0,10.0,0.0,12.0,9999999.0,1.0,1.0,35.1,1.0,55.753387,37.522998
185,1.0,0.0,0.05808377798490889,8.0,8.0,23.0,4,0.0,9,10000000.0,2.0,NA,38.0,1,55.761365,37.562236
186,1.0,1.0,0.05563815656543684,9.0,NA,18.0,11,0.0,9,10000000.0,1.0,NA,33.9,1,55.769904,37.566584
187,1.0,0.0,0.055260516293280215,10.0,7.0,27.0,10.0,0.0,12.0,10000000.0,2.0,1.0,45.0,1.0,55.766724,37.673519
188,0.0,1.0,0.0413496710990535,1.0,6.1,25.1,11,0.0,8,10000000.0,2.0,NA,41.0,1,55.747429,37.660683
189,1.0,1.0,0.05549688471437178,9.0,5.1,28.2,3.0,0.0,9.0,10000000.0,2.0,1.0,41.5,1.0,55.764967,37.56547
190,0.0,1.0,0.06604857352736594,16.0,NA,53.2,NA,1.0,19,10004800.0,3.0,NA,69.9,NA,55.745617,37.685364
191,0.0,0.0,0.05659464251145772,4.0,NA,44.1,6,1.0,NA,10056458.0,1.0,NA,44.1,1,55.775753,37.671938
192,1.0,1.0,0.04006904952703778,2.0,6.0,19.0,6,0.0,5,10100000.0,1.0,NA,32.0,1,55.753772,37.579744
193,0.0,0.0,0.05832352775681615,7.0,NA,31.0,NA,0.0,12,10100000.0,2.0,NA,52.0,NA,55.738292,37.676062
194,0.0,0.0,0.05659464251145772,1.0,NA,46.5,6,1.0,NA,10199229.0,1.0,NA,46.5,1,55.775753,37.671938
195,1.0,1.0,0.03663166403536675,8.0,6.1,24.5,8.0,0.0,9.0,10200000.0,2.0,1.0,40.0,1.0,55.785372,37.638234
196,1.0,1.0,0.04443370753155871,9.0,17.0,85.0,8,1.0,9,85000000.0,4.0,NA,158.0,1,55.751928,37.664211
197,1.0,0.0,0.023866939351325556,2.0,8.0,64.0,5.0,0.0,6.0,18000000.0,4.0,1.0,102.0,1.0,55.770294,37.636976
198,1.0,0.0,0.03854712384861097,3.0,9.0,38.0,7,0.0,7,21800000.0,2.0,NA,59.0,1,55.75666,37.581379
199,0.0,0.0,0.05755051347294687,20.0,NA,48.4,7,0.0,44,10200000.0,1.0,NA,48.4,1,55.770244,37.564689
200,0.0,1.0,0.04442433072090577,2.0,NA,15.1,5,0.0,14,10290000.0,1.0,1,30.1,1,55.730335,37.582035
201,1.0,0.0,0.06765893210064733,14.0,6.0,24.0,6,0.0,14,10300000.0,2.0,NA,39.0,1,55.770902,37.685251
202,1.0,0.0,0.037952999789213036,4.0,7.0,26.0,9.0,0.0,12.0,10300000.0,2.0,1.0,39.0,0.0,55.786996,37.638045
203,0.0,0.0,0.05659464251145772,5.0,NA,44.3,6,1.0,NA,10301984.0,1.0,NA,44.3,1,55.775753,37.671938
204,1.0,0.0,0.03259038307538015,6.0,7.5,23.5,8,0.0,9,10500000.0,2.0,NA,38.0,1,55.723354,37.607951
205,1.0,1.0,0.04244750970316398,8.0,8.0,18.0,7.0,0.0,14.0,10500000.0,1.0,1.0,36.0,1.0,55.764855,37.578855
206,1.0,0.0,0.09059945465619186,7.0,8.0,32.0,14.0,0.0,17.0,10500000.0,2.0,0.0,55.0,1.0,55.773869,37.708141
207,1.0,0.0,0.04233111293127156,3.0,6.0,28.0,10.0,0.0,5.0,10500000.0,2.0,1.0,40.0,1.0,55.78276,37.589024
208,0.0,0.0,0.023663107699543683,5.0,7.0,17.0,5.0,0.0,5.0,10500000.0,1.0,0.0,30.0,1.0,55.769094,37.601834
209,1.0,0.0,0.0744331606207905,13.0,10.0,19.0,7.0,0.0,17.0,10500000.0,1.0,1.0,38.1,1.0,55.738439,37.692663
210,1.0,0.0,0.09828021665625676,13.0,7.4,19.0,15.0,0.0,17.0,10500000.0,1.0,0.0,38.0,1.0,55.758124,37.521632
211,1.0,0.0,0.06110710001301202,11.0,9.0,19.0,3.0,0.0,17.0,10500000.0,1.0,0.0,39.0,1.0,55.765463,37.559847
212,1.0,1.0,0.03857499900194615,10.0,9.0,21.0,9.0,0.0,12.0,10500000.0,1.0,1.0,38.0,1.0,55.787067,37.600441
213,1.0,1.0,0.04884117748375966,6.0,10.0,18.0,5.0,0.0,9.0,10500000.0,1.0,0.0,37.0,1.0,55.763012,37.571866
214,0.0,0.0,0.07964100253010473,3.0,9.0,47.0,9.0,0.0,5.0,10500000.0,3.0,1.0,65.0,1.0,55.775429,37.696435
215,0.0,0.0,0.06400564590721587,2.0,NA,19.0,2,0.0,5,10500000.0,1.0,1,35.5,1,55.723247,37.563521
216,0.0,0.0,0.05712315882371844,2.0,NA,27.1,20,0.0,8,10500000.0,2.0,1,48.3,1,55.739174,37.675056
217,0.0,0.0,0.057014074797366136,3.0,NA,NA,5,0.0,8,10598345.0,1.0,NA,61.5,1,55.776294,37.672163
218,0.0,1.0,0.056937327949245914,3.0,NA,61.5,5,0.0,6,10598345.0,2.0,0,61.5,1,55.775824,37.67228
219,1.0,1.0,0.026975566815176214,2.0,6.0,29.0,3,0.0,5,10600000.0,2.0,NA,44.0,1,55.779423,37.627966
220,1.0,1.0,0.042335542101171915,5.0,NA,26.0,5,0.0,5,10800000.0,2.0,NA,42.0,1,55.728859,37.585538
221,1.0,1.0,0.03789928835743654,8.0,6.5,18.0,9.0,0.0,8.0,10800000.0,1.0,1.0,36.0,1.0,55.730112,37.590156
222,0.0,0.0,0.05659464251145772,1.0,NA,NA,5,0.0,5,10817568.0,1.0,NA,51.3,1,55.775753,37.671938
223,0.0,0.0,0.05659464251145772,1.0,NA,NA,5,0.0,5,10817568.0,2.0,NA,51.3,1,55.775753,37.671938
224,0.0,0.0,0.030384236192469518,2.0,NA,150.0,10,0.0,12,190000000.0,4.0,1,219.0,1,55.765412,37.591773
225,1.0,1.0,0.025681184649465214,7.0,15.0,100.0,15,1.0,7,72660000.0,3.0,NA,121.0,1,55.740672,37.641939
226,1.0,0.0,0.05938429389156793,5.0,10.0,60.0,10.0,0.0,8.0,24000000.0,3.0,1.0,78.2,1.0,55.717994,37.572369
227,0.0,0.0,0.05659464251145772,1.0,NA,51.3,6,1.0,NA,10817568.0,1.0,NA,51.3,1,55.775753,37.671938
228,1.0,0.0,0.0303699354131635,4.0,11.0,28.0,5,0.0,16,10841600.0,2.0,NA,48.0,1,55.774305,37.642132
229,0.0,0.0,0.057247645934129836,6.0,NA,NA,5,0.0,8,10900000.0,1.0,NA,40.0,1,55.774958,37.672971
230,0.0,1.0,0.057247645934129836,6.0,8.0,32.1,5,1.0,9,10900000.0,1.0,NA,39.2,1,55.774958,37.672971
231,1.0,0.0,0.03789928835743654,8.0,8.0,19.0,9.0,0.0,8.0,10900000.0,1.0,1.0,36.0,1.0,55.730112,37.590156
232,0.0,0.0,0.03216927075642102,2.0,22.0,19.0,9.0,0.0,12.0,10900000.0,1.0,1.0,45.0,1.0,55.726239,37.636554
233,0.0,0.0,0.03216927075642102,2.0,22.0,19.0,5.0,0.0,12.0,10900000.0,2.0,0.0,45.0,1.0,55.726239,37.636554
234,1.0,0.0,0.06263070609533793,6.0,9.5,19.4,5.0,0.0,14.0,10900000.0,1.0,1.0,35.0,1.0,55.726198,37.563548
235,1.0,1.0,0.025814734435974505,3.0,6.0,19.0,10.0,0.0,10.0,10900000.0,1.0,1.0,34.0,1.0,55.755976,37.645528
236,0.0,0.0,0.048982741144200766,3.0,9.0,36.0,7.0,0.0,7.0,10900000.0,2.0,1.0,56.0,1.0,55.753296,37.668794
237,1.0,0.0,0.06110710001301202,3.0,8.0,20.0,1.0,0.0,17.0,10900000.0,1.0,1.0,40.0,1.0,55.765463,37.559847
238,1.0,1.0,0.040646484841862125,1.0,9.0,17.0,10.0,0.0,9.0,10950000.0,1.0,1.0,37.0,1.0,55.768502,37.581954
239,1.0,0.0,0.035999071613028545,7.0,NA,28.3,7,0.0,12,10950000.0,2.0,1,44.0,1,55.78526,37.637147
240,0.0,1.0,0.057014074797366136,1.0,NA,56.4,5,0.0,6,10958128.0,2.0,0,56.4,1,55.776294,37.672163
241,1.0,0.0,0.04164263278180506,9.0,9.0,29.1,8.0,0.0,9.0,10987111.0,2.0,1.0,50.0,1.0,55.783757,37.590982
242,1.0,0.0,0.04164263278180506,9.0,7.1,32.0,8,0.0,9,10987000.0,2.0,NA,48.4,1,55.783757,37.590982
243,1.0,1.0,0.05973071893925233,4.0,6.0,25.2,5.0,0.0,5.0,10999000.0,2.0,1.0,40.0,1.0,55.72638,37.566701
244,0.0,1.0,0.05735186533147787,6.0,NA,30.0,5,0.0,8,11000000.0,2.0,NA,43.0,1,55.730568,37.672289
245,1.0,1.0,0.055897428527615575,3.0,9.0,20.0,10.0,0.0,7.0,11000000.0,1.0,1.0,37.0,1.0,55.777039,37.670609
246,1.0,0.0,0.047619091381499584,4.0,NA,23.0,11,0.0,14,11000000.0,2.0,1,38.0,1,55.765367,37.665983
247,1.0,1.0,0.036599100753984135,3.0,6.0,18.0,10.0,0.0,5.0,11000000.0,1.0,1.0,31.0,1.0,55.767985,37.586113
248,1.0,1.0,0.040646484841862125,4.0,9.0,17.0,10,0.0,9,11000000.0,1.0,NA,37.0,0,55.768502,37.581954
249,0.0,1.0,0.026109933837523733,1.0,6.0,16.0,7.0,0.0,8.0,11000000.0,1.0,1.0,30.0,1.0,55.747363,37.594486
250,1.0,1.0,0.05501040065296706,1.0,7.0,22.9,11.0,0.0,9.0,11000000.0,2.0,1.0,39.3,1.0,55.770163,37.567321
251,1.0,0.0,0.03789928835743654,8.0,6.0,18.0,9.0,0.0,8.0,11000000.0,1.0,1.0,31.0,1.0,55.730112,37.590156
252,1.0,0.0,0.06324678038445787,11.0,9.5,20.0,15.0,0.0,12.0,9200000.0,1.0,1.0,39.0,1.0,55.734207,37.679978
253,1.0,1.0,0.05797668242491641,2.0,8.5,24.8,5,1.0,13,14558000.0,2.0,NA,50.2,1,55.742073,37.67661
254,1.0,1.0,0.01827252475713448,8.0,9.0,33.0,5,0.0,14,21700000.0,2.0,NA,60.0,1,55.738465,37.629888
255,1.0,0.0,0.017734585560422296,11.0,7.0,21.6,1.0,0.0,15.0,11000000.0,1.0,1.0,39.0,1.0,55.736012,37.618659
256,0.0,0.0,0.05659464251145772,5.0,NA,47.9,6,1.0,NA,11117500.0,1.0,NA,47.9,1,55.775753,37.671938
257,0.0,0.0,0.03967372239909233,1.0,NA,NA,7,0.0,8,11150000.0,1.0,NA,28.0,1,55.767944,37.582781
258,0.0,0.0,0.03967372239909233,1.0,NA,NA,10,0.0,8,11160000.0,1.0,NA,28.0,1,55.767944,37.582781
259,0.0,1.0,0.033881933076495716,1.0,8.0,22.9,10,1.0,8,11160000.0,1.0,NA,27.9,1,55.767514,37.588871
260,1.0,1.0,0.06409327922645303,4.0,6.5,46.0,12.0,0.0,5.0,11200000.0,3.0,0.0,60.0,1.0,55.771028,37.558104
261,1.0,1.0,0.0331777141014886,2.0,6.0,20.0,8,1.0,7,11249465.0,1.0,NA,38.6,1,55.730857,37.643866
262,0.0,1.0,0.06604857352736594,6.0,NA,45.7,NA,1.0,19,11257800.0,3.0,NA,64.7,NA,55.745617,37.685364
263,1.0,0.0,0.04735650933082147,6.0,NA,31.0,5,0.0,9,11300000.0,2.0,NA,44.2,1,55.761685,37.573133
264,1.0,1.0,0.0303699354131635,2.0,15.6,15.4,10,1.0,19,11379600.0,1.0,NA,43.6,1,55.774305,37.642132
265,1.0,1.0,0.08293686255218277,2.0,NA,30.0,5,0.0,5,11390000.0,3.0,NA,54.0,1,55.754988,37.536886
266,1.0,0.0,0.0372981738560981,9.0,9.0,32.0,9.0,0.0,12.0,11400000.0,2.0,1.0,51.0,0.0,55.786151,37.638216
267,1.0,1.0,0.06746450918816421,9.0,14.0,20.0,5.0,0.0,12.0,11400000.0,1.0,1.0,43.0,1.0,55.771849,37.684793
268,0.0,0.0,0.057247645934129836,7.0,NA,NA,5,0.0,8,11446400.0,2.0,NA,39.2,1,55.774958,37.672971
269,1.0,0.0,0.02568311361576016,4.0,6.0,23.0,3.0,0.0,9.0,11500000.0,2.0,1.0,40.0,1.0,55.731926,37.633419
270,0.0,0.0,0.058242432684426096,1.0,NA,52.0,7,0.0,5,11500000.0,2.0,0,62.0,1,55.72598,37.671031
271,1.0,0.0,0.057136384458594106,9.0,NA,23.1,5,0.0,12,11500000.0,2.0,1,38.7,1,55.769874,37.674615
272,1.0,1.0,0.07204426157578561,4.0,6.5,32.0,7.0,0.0,10.0,11500000.0,2.0,1.0,47.0,1.0,55.764384,37.548564
273,0.0,1.0,0.03714212489882838,10.0,NA,24.5,10,0.0,14,11500000.0,1.0,1,44.5,1,55.754618,37.582682
274,1.0,1.0,0.05265429464915752,7.0,10.7,15.2,7.0,0.0,12.0,11500000.0,1.0,1.0,38.5,1.0,55.766552,37.568749
275,1.0,0.0,0.04164263278180506,3.0,7.0,17.0,8.0,0.0,9.0,11500000.0,2.0,1.0,48.0,1.0,55.783757,37.590982
276,0.0,1.0,0.0929091219902513,1.0,NA,43.0,7,0.0,9,11500000.0,3.0,1,78.0,1,55.777094,37.709731
277,0.0,0.0,0.036323915331363386,5.0,7.0,36.5,5.0,0.0,8.0,11530000.0,2.0,1.0,52.0,1.0,55.773418,37.650325
278,1.0,0.0,0.0303699354131635,8.0,11.0,28.0,5,0.0,16,11541600.0,2.0,NA,50.0,1,55.774305,37.642132
279,0.0,0.0,0.05659464251145772,3.0,NA,47.5,6,1.0,NA,11602026.0,1.0,NA,47.5,1,55.775753,37.671938
280,1.0,1.0,0.04000423753804401,4.0,31.0,121.0,5.0,0.0,7.0,107700000.0,4.0,0.0,182.0,1.0,55.735434,37.584227
281,1.0,1.0,0.03159150241758314,6.0,NA,1.0,9,0.0,11,33022236.0,2.0,0,75.5,1,55.722142,37.618569
282,1.0,1.0,0.03159150241758314,7.0,17.0,1.0,9.0,0.0,14.0,129000000.0,5.0,0.0,202.0,1.0,55.722142,37.618569
283,1.0,0.0,0.061082963197606234,8.0,6.2,34.0,11.0,0.0,9.0,11650000.0,3.0,1.0,56.0,1.0,55.732377,37.67705
284,1.0,0.0,0.06699216031745672,7.0,7.0,33.0,5.0,0.0,12.0,11650000.0,2.0,1.0,50.0,1.0,55.772639,37.684075
285,1.0,1.0,0.047897636204727936,2.0,7.0,17.1,3.0,0.0,8.0,11690000.0,1.0,1.0,34.0,1.0,55.724636,37.581748
286,1.0,0.0,0.09134739722619348,6.0,10.0,34.0,15.0,0.0,14.0,11700000.0,2.0,0.0,52.0,1.0,55.773363,37.709021
287,1.0,0.0,0.0303699354131635,13.0,11.0,28.0,5,0.0,16,11726500.0,2.0,NA,49.0,1,55.774305,37.642132
288,1.0,0.0,0.04059937153454853,3.0,5.5,32.0,2.0,0.0,5.0,11777777.0,2.0,1.0,44.0,1.0,55.759304,37.579601
289,1.0,1.0,0.044359118566536064,5.0,10.0,28.0,3.0,0.0,8.0,11790000.0,1.0,0.0,39.0,1.0,55.773535,37.580131
290,0.0,0.0,0.03963560000807328,1.0,NA,30.0,6,0.0,12,11800000.0,2.0,1,53.0,1,55.785417,37.596031
291,1.0,1.0,0.03840434902456031,3.0,7.7,21.5,5,0.0,9,11800000.0,2.0,NA,36.3,1,55.772927,37.586563
292,1.0,1.0,0.057136384458594106,9.0,6.5,23.1,3.0,0.0,12.0,11850000.0,2.0,1.0,38.7,1.0,55.769874,37.674615
293,0.0,0.0,0.07090891025111018,6.0,9.4,29.1,10.0,0.0,12.0,11890000.0,2.0,1.0,51.0,1.0,55.776846,37.686841
294,0.0,0.0,0.06023227394843969,6.0,6.0,22.0,6.0,0.0,6.0,11899000.0,1.0,1.0,38.0,1.0,55.724013,37.56741
295,0.0,1.0,0.06023227394843969,6.0,6.2,21.2,2.0,0.0,6.0,11900000.0,1.0,1.0,37.6,1.0,55.724013,37.56741
296,1.0,1.0,0.04880301983484446,8.0,6.0,28.0,8.0,0.0,9.0,11900000.0,2.0,1.0,43.2,1.0,55.763797,37.572064
297,0.0,1.0,0.06646141835681608,2.0,NA,37.0,13,0.0,5,11900000.0,2.0,1,55.8,1,55.758088,37.553496
298,1.0,0.0,0.0452904114465739,6.0,6.0,31.0,7,0.0,9,11950000.0,2.0,NA,45.0,1,55.771874,37.578325
299,1.0,0.0,0.060591371679471775,7.0,10.0,33.0,2.0,0.0,7.0,11980000.0,2.0,0.0,62.0,1.0,55.74562,37.679862
300,0.0,1.0,0.0356298275325589,2.0,NA,30.0,6,0.0,6,12000000.0,2.0,NA,47.0,1,55.786738,37.633176
301,1.0,0.0,0.038613617105887836,3.0,NA,31.5,5,0.0,16,12000000.0,2.0,1,52.7,1,55.792194,37.622962
302,1.0,1.0,0.05613460968065768,6.0,NA,24.9,10,0.0,9,12000000.0,2.0,NA,41.7,1,55.722639,37.573061
303,1.0,1.0,0.04200002629761238,2.0,8.1,14.2,4.0,0.0,14.0,12000000.0,1.0,1.0,37.8,1.0,55.764156,37.579133
304,1.0,0.0,0.04122933950477303,2.0,6.0,25.0,4.0,0.0,8.0,12000000.0,2.0,1.0,35.0,1.0,55.773165,37.583463
305,1.0,0.0,0.057021056961443606,6.0,6.0,33.2,8.0,0.0,9.0,12000000.0,3.0,1.0,51.5,1.0,55.73408,37.673349
306,1.0,0.0,0.05037570923570452,15.0,12.0,22.0,3.0,0.0,18.0,12000000.0,1.0,1.0,45.0,1.0,55.782668,37.661033
307,1.0,1.0,0.03668450844702382,6.0,7.6,36.6,7.0,0.0,9.0,12065817.0,2.0,1.0,53.8,1.0,55.785675,37.637811
308,1.0,1.0,0.009914340522699409,4.0,NA,40.5,8,0.0,6,27106000.0,1.0,NA,57.3,1,55.747211,37.627301
309,1.0,0.0,0.06699694790062939,17.0,10.0,31.0,10.0,0.0,17.0,13490000.0,2.0,1.0,51.0,1.0,55.742321,37.685835
310,1.0,1.0,0.02720569771206,3.0,5.9,34.5,5.0,0.0,7.0,25200000.0,2.0,0.0,50.5,1.0,55.747267,37.593381
311,1.0,0.0,0.04092259058270411,4.0,NA,40.0,7,0.0,9,12050000.0,3.0,1,64.0,1,55.789345,37.639931
312,1.0,0.0,0.030046726826731606,9.0,10.0,35.0,5.0,0.0,9.0,12100000.0,2.0,0.0,48.0,1.0,55.727937,37.63526
313,1.0,1.0,0.03907386287532852,7.0,12.0,37.0,5.0,0.0,9.0,12100000.0,2.0,1.0,54.6,1.0,55.791283,37.630535
314,1.0,0.0,0.027682577788202215,2.0,8.0,20.0,5.0,0.0,14.0,12100000.0,1.0,1.0,38.0,1.0,55.779737,37.610386
315,0.0,0.0,0.030046726826731606,9.0,10.0,35.0,6.0,0.0,9.0,12100000.0,2.0,0.0,48.0,1.0,55.727937,37.63526
316,1.0,1.0,0.0303699354131635,4.0,20.2,10.9,10,1.0,19,12140800.0,1.0,NA,44.8,1,55.774305,37.642132
317,0.0,1.0,0.0331777141014886,2.0,NA,NA,8,1.0,7,12149427.0,1.0,NA,38.6,1,55.730857,37.643866
318,0.0,0.0,0.0331777141014886,2.0,NA,NA,8,1.0,7,12149427.0,1.0,NA,38.6,1,55.730857,37.643866
319,0.0,1.0,0.03299517643534986,2.0,8.0,31.7,5,1.0,7,12149400.0,1.0,NA,38.6,1,55.731551,37.644261
320,0.0,0.0,0.0331777141014886,2.0,NA,NA,8,1.0,7,12149427.0,1.0,NA,38.6,1,55.730857,37.643866
321,1.0,0.0,0.057525760924998406,5.0,15.0,35.0,NA,0.0,9,12150000.0,3.0,NA,60.0,NA,55.735236,37.674292
322,0.0,0.0,0.0331777141014886,2.0,NA,NA,8,1.0,7,12177740.0,1.0,NA,38.7,1,55.730857,37.643866
323,0.0,0.0,0.05579678436075122,4.0,6.4,45.0,3.0,0.0,12.0,12200000.0,3.0,0.0,55.0,1.0,55.733112,37.671669
324,1.0,0.0,0.057525760924998406,5.0,6.0,43.0,10.0,0.0,9.0,12200000.0,3.0,0.0,60.0,1.0,55.735236,37.674292
325,1.0,1.0,0.040223269509078986,2.0,5.0,28.0,5.0,0.0,5.0,12200000.0,2.0,1.0,36.0,1.0,55.744526,37.580652
326,1.0,0.0,0.04092259058270411,4.0,6.3,40.0,5.0,0.0,9.0,12200000.0,3.0,1.0,64.0,1.0,55.789345,37.639931
327,0.0,0.0,0.03967372239909233,1.0,NA,NA,12,0.0,8,12240000.0,1.0,NA,30.6,1,55.767944,37.582781
328,1.0,0.0,0.030146964440888626,12.0,9.5,30.0,7.0,0.0,12.0,12250000.0,2.0,1.0,51.0,1.0,55.727501,37.634712
329,0.0,0.0,0.03670897564629082,5.0,8.0,32.0,8.0,0.0,12.0,12300000.0,2.0,1.0,50.0,1.0,55.786951,37.635386
330,1.0,1.0,0.040646484841862125,9.0,9.1,18.0,13,0.0,12,12300000.0,1.0,NA,36.2,1,55.768502,37.581954
331,0.0,0.0,0.054778687315415055,12.0,9.5,31.0,7.0,0.0,12.0,12300000.0,2.0,1.0,50.0,1.0,55.744059,37.673735
332,0.0,0.0,0.0331777141014886,3.0,NA,NA,8,1.0,7,12393120.0,1.0,NA,38.6,1,55.730857,37.643866
333,1.0,0.0,0.03638856981251164,9.0,6.0,25.0,10.0,0.0,9.0,12400000.0,2.0,0.0,38.0,0.0,55.767392,37.586095
334,1.0,1.0,0.04627241997129818,5.0,8.0,21.0,10.0,0.0,6.0,12450000.0,1.0,1.0,38.0,1.0,55.739732,37.575702
335,1.0,1.0,0.04413722356469624,8.0,10.0,22.0,7,0.0,9,12480000.0,1.0,NA,47.0,1,55.771479,37.660215
336,1.0,1.0,0.07068695926407023,7.0,30.0,120.0,20.0,0.0,22.0,71999000.0,4.0,0.0,162.0,1.0,55.758402,37.549282
337,1.0,1.0,0.042335542101171915,5.0,NA,39.0,5,0.0,5,18000000.0,3.0,NA,52.2,1,55.728859,37.585538
338,0.0,0.0,0.03935125128887119,1.0,8.0,37.0,3.0,0.0,30.0,19500000.0,1.0,0.0,55.0,1.0,55.759152,37.58084
339,1.0,1.0,0.057034791005142485,4.0,10.0,35.0,10.0,0.0,5.0,12500000.0,2.0,1.0,53.0,1.0,55.757962,37.562937
340,0.0,1.0,0.06110710001301202,5.0,10.0,19.0,2,0.0,17,12500000.0,1.0,NA,40.0,1,55.765463,37.559847
341,1.0,0.0,0.05039106866300552,7.0,6.0,30.0,15,0.0,12,12500000.0,2.0,NA,45.0,1,55.769433,37.571938
342,0.0,0.0,0.08774189113530785,2.0,NA,30.0,12,0.0,12,12500000.0,2.0,1,56.0,1,55.774781,37.704987
343,1.0,1.0,0.035847003249924354,5.0,8.0,23.1,2.0,0.0,9.0,12500000.0,1.0,1.0,40.1,1.0,55.738348,37.652202
344,1.0,0.0,0.04903854407504385,10.0,8.5,30.3,7,0.0,17,12500000.0,2.0,NA,50.9,1,55.782947,37.659182
345,1.0,0.0,0.055625024008985904,3.0,10.0,38.0,7.0,0.0,5.0,12500000.0,2.0,1.0,65.7,1.0,55.728373,37.669333
346,0.0,0.0,0.0331777141014886,2.0,NA,NA,8,1.0,7,12533034.0,1.0,NA,38.7,1,55.730857,37.643866
347,0.0,0.0,0.057247645934129836,7.0,NA,NA,5,0.0,10,12600000.0,1.0,NA,39.0,1,55.774958,37.672971
348,0.0,0.0,0.057525760924998406,5.0,6.0,43.0,7,0.0,9,12600000.0,3.0,NA,60.0,1,55.735236,37.674292
349,1.0,0.0,0.04092259058270411,4.0,6.3,40.0,6,0.0,9,12600000.0,3.0,NA,64.0,1,55.789345,37.639931
350,0.0,1.0,0.05659464251145772,8.0,40.0,NA,5,0.0,8,12600000.0,1.0,NA,40.0,1,55.775753,37.671938
351,0.0,1.0,0.05804118080294476,6.0,8.0,31.8,5,1.0,8,12600000.0,1.0,NA,38.8,1,55.774634,37.673951
352,1.0,1.0,0.057247645934129836,7.0,NA,38.8,7,0.0,10,12600000.0,1.0,0,38.8,1,55.774958,37.672971
353,0.0,1.0,0.05804118080294476,7.0,NA,37.8,3,0.0,10,12600000.0,1.0,0,37.8,1,55.774634,37.673951
354,0.0,0.0,0.0331777141014886,4.0,NA,NA,8,1.0,7,12614713.0,1.0,NA,38.5,1,55.730857,37.643866
355,0.0,0.0,0.057014074797366136,2.0,NA,NA,5,0.0,8,12646834.0,2.0,NA,50.3,1,55.776294,37.672163
356,0.0,0.0,0.057014074797366136,2.0,NA,NA,5,0.0,8,12646834.0,1.0,NA,50.3,1,55.776294,37.672163
357,0.0,0.0,0.05659464251145772,2.0,NA,50.3,6,1.0,NA,12646834.0,1.0,NA,50.3,1,55.775753,37.671938
358,1.0,1.0,0.0303699354131635,14.0,19.5,14.2,10,1.0,19,12700000.0,1.0,NA,50.8,1,55.774305,37.642132
359,0.0,1.0,0.02566885801900686,2.0,6.0,32.0,5.0,0.0,6.0,12700000.0,2.0,0.0,48.0,0.0,55.776745,37.631137
360,0.0,0.0,0.05659464251145772,5.0,NA,60.8,6,1.0,NA,12751098.0,1.0,NA,60.8,1,55.775753,37.671938
361,0.0,1.0,0.03274789832951083,5.0,NA,NA,5,1.0,7,12888860.0,1.0,NA,38.6,1,55.731075,37.64348
362,0.0,0.0,0.0331777141014886,5.0,NA,NA,8,1.0,7,12888859.0,1.0,NA,38.6,1,55.730857,37.643866
363,1.0,0.0,0.024673421246350802,2.0,6.5,23.0,9,0.0,12,12900000.0,2.0,NA,39.0,1,55.748919,37.595609
364,0.0,0.0,0.0242599048637895,3.0,11.0,40.0,11.0,0.0,9.0,30000000.0,2.0,1.0,66.3,1.0,55.745787,37.642743
365,1.0,0.0,0.08100383361915367,20.0,20.0,150.0,4.0,0.0,76.0,89572815.0,4.0,1.0,220.0,1.0,55.747115,37.539078
366,0.0,0.0,0.026514434295307768,2.0,NA,NA,15,0.0,8,233676772.0,4.0,NA,237.4,1,55.736458,37.599678
367,0.0,0.0,0.05063710438008792,3.0,NA,39.5,12,0.0,12,12900000.0,3.0,1,58.3,1,55.744105,37.669531
368,1.0,1.0,0.04880301983484446,4.0,6.0,33.0,8.0,0.0,9.0,12900000.0,2.0,0.0,43.0,1.0,55.763797,37.572064
369,0.0,0.0,0.05755051347294687,3.0,NA,NA,7,0.0,44,13000000.0,2.0,NA,67.0,1,55.770244,37.564689
370,0.0,1.0,0.03311264459386847,10.0,NA,NA,3,1.0,12,13000000.0,1.0,NA,26.0,1,55.770973,37.591557
371,1.0,1.0,0.047375185783276264,5.0,6.0,43.0,4,0.0,5,13000000.0,3.0,NA,57.0,1,55.759907,37.572845
372,0.0,0.0,0.037874140373080255,2.0,NA,34.0,9,0.0,6,13000000.0,2.0,1,55.0,1,55.747312,37.657143
373,1.0,0.0,0.06529691981250221,2.0,13.0,34.0,11,0.0,17,13000000.0,2.0,NA,64.0,1,55.74108,37.683877
374,1.0,0.0,0.056584634469087555,3.0,12.0,34.2,5.0,0.0,16.0,13000000.0,2.0,1.0,64.5,1.0,55.743162,37.675406
375,0.0,1.0,0.05804118080294476,4.0,NA,51.9,6,0.0,7,13000000.0,2.0,NA,51.9,1,55.774634,37.673951
376,0.0,0.0,0.05804118080294476,4.0,NA,52.0,5,0.0,7,13000000.0,2.0,NA,52.0,1,55.774634,37.673951
377,0.0,0.0,0.07437500217815464,2.0,8.0,38.0,5.0,0.0,5.0,13000000.0,3.0,1.0,65.0,0.0,55.753691,37.545438
378,1.0,0.0,0.022958450317906956,1.0,10.8,28.0,5.0,0.0,16.0,13000000.0,2.0,1.0,56.0,1.0,55.775074,37.628217
379,1.0,0.0,0.05340401426859148,6.0,8.0,29.0,6,0.0,12,13000000.0,2.0,NA,40.0,1,55.766111,37.567869
380,1.0,0.0,0.018493373624084538,5.0,9.0,19.0,5.0,0.0,12.0,13000000.0,1.0,1.0,36.7,1.0,55.770127,37.628325
381,0.0,0.0,0.049549691421842255,11.0,NA,39.0,3,0.0,12,13000000.0,2.0,1,58.6,1,55.778441,37.662749
382,1.0,0.0,0.09432495816590672,5.0,9.8,32.0,5.0,0.0,9.0,13000000.0,2.0,1.0,60.0,0.0,55.776046,37.711455
383,0.0,1.0,0.032570806222749965,2.0,5.0,32.5,6.0,0.0,9.0,13000000.0,2.0,1.0,42.9,1.0,55.761092,37.58809
384,0.0,0.0,0.025721590250217082,2.0,NA,36.0,5,0.0,9,13000000.0,2.0,1,62.0,1,55.730826,37.631559
385,0.0,0.0,0.0331777141014886,7.0,NA,NA,8,1.0,7,13149940.0,1.0,NA,38.0,1,55.730857,37.643866
386,0.0,1.0,0.04206343412038539,2.0,10.0,30.0,9.0,0.0,8.0,13200000.0,3.0,1.0,54.4,1.0,55.78651,37.59348
387,1.0,0.0,0.057580464438908394,4.0,6.0,24.0,15.0,0.0,12.0,13300000.0,2.0,0.0,42.0,0.0,55.733751,37.565802
388,0.0,1.0,0.057247645934129836,2.0,8.0,35.6,5,1.0,9,13300000.0,1.0,NA,43.4,1,55.774958,37.672971
389,1.0,0.0,0.06502437872059957,14.0,9.0,32.2,5.0,0.0,17.0,13300000.0,2.0,1.0,53.5,1.0,55.743781,37.684075
390,1.0,0.0,0.054778687315415055,2.0,10.2,43.3,6.0,0.0,12.0,13300000.0,3.0,0.0,64.3,1.0,55.744059,37.673735
391,1.0,0.0,0.0452904114465739,9.0,6.0,42.0,7,0.0,9,13300000.0,4.0,NA,62.0,1,55.771874,37.578325
392,1.0,1.0,0.051085160291418394,10.0,18.5,34.0,5.0,0.0,13.0,49600000.0,2.0,0.0,84.0,1.0,55.726208,37.576762
393,0.0,1.0,0.01789959019084317,6.0,NA,82.7,5,1.0,6,106104000.0,3.0,NA,119.5,1,55.736909,37.62599
394,0.0,1.0,0.02119664409759119,1.0,NA,120.0,7,0.0,7,85690000.0,4.0,NA,155.8,1,55.732514,37.619549
395,0.0,1.0,0.03274789832951083,4.0,NA,NA,5,1.0,7,13366874.0,1.0,NA,37.9,1,55.731075,37.64348
396,1.0,1.0,0.05884903113051258,4.0,NA,34.0,9,0.0,5,13399000.0,2.0,1,55.0,1,55.758372,37.561149
397,1.0,1.0,0.0298905555819904,5.0,7.0,56.0,15.0,0.0,5.0,13450000.0,3.0,1.0,75.0,1.0,55.735221,37.6433
398,0.0,1.0,0.03274789832951083,2.0,NA,NA,5,1.0,7,13477387.0,1.0,NA,38.3,1,55.731075,37.64348
399,1.0,0.0,0.06699694790062939,17.0,10.0,31.0,7.0,0.0,17.0,13490000.0,2.0,1.0,51.0,1.0,55.742321,37.685835
400,0.0,0.0,0.031055091209007304,2.0,8.0,52.0,1.0,0.0,8.0,13500000.0,2.0,1.0,70.5,1.0,55.781296,37.634074
401,1.0,1.0,0.046513382601138055,4.0,NA,43.0,10,0.0,6,13500000.0,2.0,NA,63.8,1,55.771489,37.662794
402,1.0,0.0,0.02764053906855036,2.0,5.0,40.0,5.0,0.0,5.0,13500000.0,3.0,1.0,55.0,1.0,55.733655,37.638835
403,1.0,1.0,0.058021044492490834,5.0,9.0,33.0,4,0.0,9,13500000.0,2.0,NA,58.0,1,55.782719,37.670061
404,0.0,1.0,0.034986110672665244,1.0,NA,18.6,11,0.0,5,13500000.0,1.0,1,42.3,1,55.766851,37.587389
405,1.0,1.0,0.0756032024255585,8.0,9.6,31.6,15.0,0.0,22.0,13500000.0,2.0,0.0,58.5,1.0,55.737345,37.693624
406,0.0,0.0,0.06471457984874916,1.0,9.5,43.0,10.0,0.0,12.0,13600000.0,3.0,0.0,64.0,1.0,55.73737,37.682431
407,0.0,1.0,0.057988391398622254,1.0,NA,43.0,5,0.0,6,13600000.0,2.0,1,63.0,1,55.724545,37.569692
408,0.0,1.0,0.03695219161294709,2.0,11.0,33.0,7.0,0.0,7.0,13600000.0,2.0,1.0,53.1,1.0,55.753828,37.582861
409,0.0,0.0,0.05804118080294476,9.0,NA,NA,5,0.0,10,13641600.0,1.0,NA,39.2,1,55.774634,37.673951
410,0.0,0.0,0.03604487125791968,8.0,NA,32.0,5,0.0,11,13700000.0,2.0,NA,53.0,1,55.766471,37.653523
411,0.0,0.0,0.05659464251145772,4.0,NA,54.8,6,1.0,NA,13748136.0,1.0,NA,54.8,1,55.775753,37.671938
412,0.0,1.0,0.03274789832951083,4.0,NA,NA,5,1.0,6,13750609.0,1.0,NA,38.3,1,55.731075,37.64348
413,1.0,1.0,0.0303699354131635,19.0,14.6,15.4,10,1.0,19,13759800.0,1.0,NA,42.6,1,55.774305,37.642132
414,1.0,1.0,0.06524671020058884,4.0,NA,37.0,10,0.0,5,13800000.0,2.0,NA,57.0,1,55.756523,37.554627
415,1.0,1.0,0.02918733295455162,5.0,8.0,27.7,8.0,0.0,12.0,13800000.0,2.0,1.0,52.0,1.0,55.773727,37.641054
416,0.0,1.0,0.03274789832951083,2.0,NA,NA,5,1.0,7,13889099.0,1.0,NA,39.5,1,55.731075,37.64348
417,1.0,0.0,0.017734585560422296,13.0,10.0,20.0,1.0,0.0,15.0,13900000.0,1.0,1.0,41.0,1.0,55.736012,37.618659
418,0.0,0.0,0.04678985921115493,3.0,9.0,39.0,7.0,0.0,6.0,13900000.0,3.0,1.0,60.0,1.0,55.790575,37.591
419,1.0,0.0,0.04723603880513224,6.0,8.0,36.0,10.0,0.0,6.0,13900000.0,2.0,1.0,58.0,0.0,55.76915,37.575172
420,0.0,1.0,0.03159150241758314,9.0,16.0,77.9,7.0,0.0,12.0,58411000.0,3.0,0.0,123.6,1.0,55.722142,37.618569
421,1.0,0.0,0.05880032289877567,9.0,14.8,48.4,7,0.0,25,15590000.0,2.0,NA,85.6,1,55.729371,37.67334
422,1.0,0.0,0.05390088085551385,10.0,12.0,46.0,5,0.0,12,27990000.0,3.0,NA,78.0,1,55.766623,37.567482
423,0.0,1.0,0.05696110295631382,2.0,NA,57.6,4,0.0,9,13900000.0,3.0,0,92.0,1,55.780654,37.669998
424,0.0,0.0,0.03370971649243061,1.0,NA,45.0,5,0.0,5,13900000.0,3.0,NA,63.0,1,55.78439,37.633778
425,1.0,1.0,0.03193795688518564,3.0,10.0,28.0,8.0,0.0,8.0,13970946.0,1.0,1.0,38.0,1.0,55.724738,37.60637
426,0.0,0.0,0.057014074797366136,3.0,NA,NA,5,0.0,4,13950579.0,2.0,NA,79.2,1,55.776294,37.672163
427,0.0,0.0,0.057014074797366136,3.0,NA,NA,5,0.0,4,13950579.0,1.0,NA,79.2,1,55.776294,37.672163
428,0.0,0.0,0.057014074797366136,3.0,NA,NA,5,0.0,4,13950579.0,3.0,NA,79.2,1,55.776294,37.672163
429,0.0,0.0,0.05659464251145772,3.0,NA,79.2,6,1.0,NA,13950579.0,1.0,NA,79.2,1,55.775753,37.671938
430,0.0,1.0,0.056937327949245914,3.0,NA,79.2,5,0.0,6,13950579.0,3.0,0,79.2,1,55.775824,37.67228
431,0.0,1.0,0.026704747518001767,7.0,NA,22.0,2,0.0,15,13990000.0,1.0,NA,45.0,1,55.731075,37.633985
432,0.0,1.0,0.05582080481326197,5.0,NA,17.4,10,0.0,11,13999000.0,1.0,1,42.7,1,55.720864,37.574678
433,0.0,1.0,0.05582080481326197,5.0,NA,17.4,10,0.0,11,13999000.0,2.0,1,42.7,1,55.720864,37.574678
434,1.0,0.0,0.04958371589544187,8.0,8.0,30.0,9.0,0.0,12.0,14000000.0,2.0,1.0,52.0,1.0,55.78398,37.659084
435,1.0,1.0,0.024885814453215572,3.0,10.0,43.0,5.0,0.0,5.0,14000000.0,2.0,1.0,56.0,1.0,55.769828,37.638773
436,1.0,0.0,0.031093611851956197,9.0,8.0,29.0,10.0,0.0,12.0,14000000.0,2.0,1.0,53.0,1.0,55.775246,37.64224
437,0.0,1.0,0.05612310049347278,2.0,NA,45.0,3,0.0,8,14000000.0,3.0,NA,58.0,1,55.765362,37.564913
438,1.0,1.0,0.053526052871472246,13.0,9.0,31.0,4.0,0.0,14.0,14000000.0,2.0,1.0,52.0,1.0,55.782253,37.665093
439,1.0,0.0,0.036736724146281145,3.0,8.0,32.2,3,0.0,8,14000000.0,2.0,NA,52.2,1,55.75511,37.656523
440,1.0,1.0,0.057159894908929726,5.0,10.0,38.0,4.0,0.0,8.0,14000000.0,2.0,1.0,60.0,1.0,55.76599,37.563988
441,0.0,0.0,0.05659464251145772,4.0,NA,54.0,6,1.0,NA,14093090.0,1.0,NA,54.0,1,55.775753,37.671938
442,1.0,0.0,0.08096062347215749,5.0,NA,53.0,15,0.0,5,14100000.0,3.0,1,78.5,1,55.761426,37.539221
443,1.0,0.0,0.032906348764335555,12.0,8.5,32.0,11.0,0.0,12.0,14100000.0,2.0,1.0,54.0,1.0,55.775834,37.644171
444,1.0,0.0,0.05817247020713812,4.0,6.0,32.0,5.0,0.0,9.0,14200000.0,2.0,1.0,45.0,1.0,55.726092,37.568614
445,0.0,0.0,0.057247645934129836,2.0,5.0,32.0,NA,0.0,10,14200000.0,1.0,0,41.0,NA,55.774958,37.672971
446,0.0,1.0,0.047897636204727936,1.0,NA,37.6,4,0.0,8,14200000.0,3.0,1,55.0,1,55.724636,37.581748
447,0.0,0.0,0.05265429464915752,2.0,9.0,31.0,7,0.0,12,14250000.0,2.0,NA,51.0,1,55.766552,37.568749
448,0.0,0.0,0.04875036386530652,2.0,NA,42.5,2,0.0,5,11000000.0,3.0,1,60.0,1,55.73256,37.663737
449,1.0,1.0,0.05498776908549774,14.0,9.5,29.0,6,0.0,14,18590000.0,2.0,NA,51.5,1,55.766754,37.566395
450,1.0,0.0,0.03159150241758314,7.0,38.7,55.9,9.0,0.0,11.0,110000000.0,4.0,1.0,144.7,1.0,55.722142,37.618569
451,1.0,1.0,0.0331777141014886,2.0,5.1,32.2,8,1.0,11,14256211.0,2.0,NA,48.2,1,55.730857,37.643866
452,1.0,0.0,0.0303699354131635,4.0,7.0,44.0,5,0.0,16,14278000.0,3.0,NA,65.0,1,55.774305,37.642132
453,1.0,0.0,0.03338357807365907,3.0,9.0,32.0,10.0,0.0,16.0,14300000.0,2.0,1.0,54.0,1.0,55.776451,37.644252
454,1.0,1.0,0.07192130533437016,19.0,NA,28.4,15,0.0,21,14300000.0,2.0,1,63.7,0,55.737709,37.689932
455,0.0,1.0,0.03274789832951083,3.0,NA,NA,5,1.0,7,14321608.0,1.0,NA,45.8,1,55.731075,37.64348
456,0.0,1.0,0.03274789832951083,6.0,NA,NA,5,1.0,6,14342786.0,1.0,NA,37.7,1,55.731075,37.64348
457,1.0,1.0,0.0331777141014886,2.0,NA,19.5,8,1.0,10,14387994.0,1.0,NA,38.0,1,55.730857,37.643866
458,1.0,1.0,0.05340401426859148,4.0,10.0,30.0,6,0.0,14,14400000.0,2.0,NA,50.0,1,55.766111,37.567869
459,0.0,1.0,0.06015756225945693,1.0,NA,48.0,5,0.0,6,14450000.0,4.0,NA,64.0,1,55.724778,37.567069
460,0.0,1.0,0.06015756225945693,1.0,NA,48.0,5,0.0,6,14450000.0,3.0,NA,64.0,1,55.724778,37.567069
461,1.0,1.0,0.039424011071931275,3.0,6.0,37.0,8,0.0,6,14450000.0,2.0,NA,48.9,1,55.770714,37.584245
462,1.0,0.0,0.03460261160663967,5.0,9.3,35.5,8.0,0.0,16.0,14490000.0,2.0,1.0,57.3,1.0,55.776006,37.646274
463,1.0,1.0,0.04992296822104913,4.0,6.0,31.0,7.0,0.0,5.0,14490000.0,2.0,1.0,41.0,1.0,55.783559,37.659829
464,1.0,1.0,0.05420112815246598,5.0,9.0,30.0,6.0,0.0,14.0,14499000.0,2.0,0.0,53.0,1.0,55.766116,37.567051
465,1.0,0.0,0.08127132256829483,3.0,9.0,50.0,20,0.0,5,14500000.0,3.0,NA,80.0,1,55.760393,37.538817
466,1.0,1.0,0.07192130533437016,5.0,7.0,32.0,15.0,0.0,21.0,14500000.0,2.0,0.0,53.0,1.0,55.737709,37.689932
467,1.0,1.0,0.041103372720499576,2.0,7.2,32.2,5.0,0.0,10.0,14500000.0,2.0,1.0,50.5,1.0,55.764749,37.58022
468,1.0,1.0,0.031433144449765776,4.0,11.0,28.0,2.0,0.0,5.0,14500000.0,1.0,1.0,66.0,1.0,55.78118,37.63509
469,0.0,0.0,0.049549691421842255,10.0,NA,59.0,4,0.0,12,14500000.0,3.0,NA,59.0,1,55.778441,37.662749
470,1.0,1.0,0.06670960140789528,3.0,6.0,26.0,10,0.0,8,14500000.0,2.0,NA,43.0,1,55.729863,37.557511
471,0.0,1.0,0.05390088085551385,2.0,9.1,34.6,5.0,0.0,10.0,14500000.0,2.0,0.0,55.9,0.0,55.766623,37.567482
472,1.0,1.0,0.057247645934129836,8.0,NA,42.7,7,0.0,10,14518000.0,1.0,0,42.7,1,55.774958,37.672971
473,0.0,1.0,0.05804118080294476,8.0,NA,42.7,3,0.0,10,14518000.0,1.0,0,42.7,1,55.774634,37.673951
474,1.0,0.0,0.0303699354131635,8.0,8.0,43.0,5,0.0,16,14580000.0,3.0,NA,64.0,1,55.774305,37.642132
475,1.0,1.0,0.0331777141014886,3.0,NA,28.0,8,1.0,7,14615199.0,1.0,NA,35.9,1,55.730857,37.643866
476,0.0,1.0,0.02119664409759119,1.0,NA,120.0,7,0.0,7,85690000.0,4.0,NA,155.8,1,55.732514,37.619549
477,0.0,0.0,0.014778929460553715,8.0,NA,156.0,10,0.0,15,127008600.0,4.0,NA,156.0,1,55.768025,37.623483
478,0.0,0.0,0.027577278346496384,2.0,NA,NA,14,0.0,7,388646316.0,3.0,NA,170.0,1,55.758225,37.592608
479,0.0,0.0,0.03967372239909233,3.0,NA,NA,7,0.0,8,14630000.0,1.0,NA,38.0,1,55.767944,37.582781
480,0.0,1.0,0.0711800766858253,5.0,NA,NA,13,0.0,21,14661025.0,2.0,1,45.7,1,55.761558,37.549067
481,0.0,0.0,0.02324684877569506,6.0,10.0,20.0,7,0.0,24,14700000.0,1.0,NA,37.0,1,55.753286,37.59657
482,0.0,1.0,0.02589929361970971,1.0,8.0,34.0,5.0,0.0,5.0,14700000.0,2.0,0.0,65.0,1.0,55.73554,37.63827
483,0.0,1.0,0.041198383524114,2.0,12.0,45.0,5.0,0.0,6.0,14700000.0,3.0,1.0,65.0,1.0,55.753043,37.661006
484,0.0,1.0,0.041198383524114,2.0,23.0,36.0,5.0,0.0,6.0,14700000.0,2.0,1.0,65.0,1.0,55.753043,37.661006
485,0.0,1.0,0.058977750423356005,1.0,7.5,36.0,3.0,0.0,5.0,14700000.0,3.0,1.0,65.0,1.0,55.771211,37.676134
486,1.0,0.0,0.05293377557854757,2.0,15.4,42.4,11,0.0,4,14700000.0,2.0,NA,77.8,1,55.742443,37.671534
487,1.0,1.0,0.0303699354131635,19.0,20.5,10.9,10,1.0,19,14702600.0,1.0,NA,45.1,1,55.774305,37.642132
488,0.0,0.0,0.057247645934129836,9.0,NA,NA,5,0.0,10,14723200.0,1.0,NA,43.0,1,55.774958,37.672971
489,1.0,1.0,0.05406014402496491,5.0,10.0,30.0,5.0,0.0,11.0,14790000.0,2.0,0.0,51.0,0.0,55.765645,37.567087
490,0.0,0.0,0.06631049597914665,1.0,NA,52.3,10,0.0,6,14800000.0,3.0,1,71.2,1,55.76018,37.553819
491,0.0,0.0,0.0631045739229753,3.0,8.5,42.2,12,0.0,5,14850000.0,3.0,NA,67.6,1,55.757288,37.55681
492,1.0,1.0,0.02464354002573784,6.0,8.0,23.0,5,0.0,6,14900000.0,2.0,NA,42.0,1,55.777773,37.6145
493,0.0,0.0,0.05734688149324253,2.0,10.0,20.0,15.0,0.0,11.0,14900000.0,1.0,0.0,44.0,1.0,55.716133,37.576492
494,1.0,0.0,0.05340401426859148,3.0,8.6,29.6,5.0,0.0,9.0,14900000.0,2.0,0.0,52.0,0.0,55.766111,37.567869
495,1.0,1.0,0.0331777141014886,2.0,5.1,32.2,8,1.0,11,14968983.0,2.0,NA,48.2,1,55.730857,37.643866
496,0.0,1.0,0.061972029852182246,12.0,7.0,34.0,1,0.0,12,15000000.0,2.0,NA,55.0,1,55.745149,37.681191
497,0.0,1.0,0.04170952199438343,2.0,NA,31.0,5,0.0,13,15000000.0,2.0,NA,53.0,1,55.735525,37.65735
498,1.0,1.0,0.0825407628993084,6.0,15.0,30.0,10.0,0.0,20.0,15000000.0,1.0,1.0,50.0,1.0,55.756427,37.537317
499,1.0,1.0,0.0825407628993084,6.0,15.0,30.0,10.0,0.0,22.0,15000000.0,1.0,1.0,50.0,1.0,55.756427,37.537317
500,1.0,0.0,0.017734585560422296,9.0,9.6,20.0,1.0,0.0,15.0,15000000.0,1.0,0.0,40.0,1.0,55.736012,37.618659
501,0.0,0.0,0.025782974110833145,4.0,8.0,34.0,9.0,0.0,24.0,15000000.0,2.0,1.0,52.0,1.0,55.753154,37.594036
502,1.0,0.0,0.0446396521603856,4.0,NA,46.0,3,0.0,5,15000000.0,3.0,0,66.2,1,55.75859,37.575441
503,1.0,0.0,0.03361338966840435,1.0,10.7,19.6,3.0,0.0,12.0,15000000.0,1.0,1.0,46.4,1.0,55.779251,37.597962
504,0.0,0.0,0.05659464251145772,1.0,NA,15.9,6,1.0,NA,4116245.0,1.0,NA,15.9,1,55.775753,37.671938
505,0.0,1.0,0.08549527950127053,11.0,NA,NA,5,0.0,85,42432000.0,1.0,NA,88.0,1,55.750028,37.534397
506,1.0,1.0,0.0303699354131635,2.0,12.1,26.8,10,1.0,19,14284800.0,2.0,NA,57.6,1,55.774305,37.642132
507,0.0,1.0,0.032602475059422036,3.0,NA,53.0,8,0.0,6,15000000.0,3.0,1,80.7,1,55.722117,37.627867
508,1.0,1.0,0.054385670998892466,4.0,8.0,38.3,11.0,0.0,5.0,15000000.0,2.0,1.0,64.0,1.0,55.769676,37.567824
509,1.0,0.0,0.025626588243465438,6.0,8.0,26.1,10.0,0.0,15.0,15000000.0,2.0,1.0,50.0,1.0,55.779034,37.615893
510,1.0,1.0,0.0680786131248321,3.0,9.0,52.0,10,0.0,5,15000000.0,4.0,NA,72.0,1,55.758651,37.551914
511,0.0,0.0,0.05265429464915752,2.0,10.0,36.0,7,0.0,12,15100000.0,2.0,NA,61.0,1,55.766552,37.568749
512,0.0,1.0,0.05804118080294476,7.0,NA,38.0,6,1.0,10,15100000.0,2.0,NA,52.0,1,55.774634,37.673951
513,0.0,0.0,0.057014074797366136,2.0,NA,NA,5,0.0,8,15125860.0,3.0,NA,85.3,1,55.776294,37.672163
514,0.0,1.0,0.033881933076495716,2.0,NA,20.0,8,1.0,9,15200000.0,1.0,NA,38.0,1,55.767514,37.588871
515,1.0,1.0,0.023464585783690838,1.0,12.5,18.0,8,0.0,9,15200000.0,1.0,NA,50.0,1,55.74979,37.596678
516,1.0,1.0,0.06301011738601969,3.0,8.0,48.0,2.0,0.0,5.0,15200000.0,3.0,1.0,70.0,1.0,55.772487,37.67996
517,1.0,0.0,0.032602475059422036,5.0,9.0,48.0,8.0,0.0,6.0,15200000.0,3.0,1.0,67.0,1.0,55.722117,37.627867
518,0.0,0.0,0.05659464251145772,7.0,NA,NA,9,1.0,9,15234950.0,2.0,NA,52.2,1,55.775753,37.671938
519,1.0,1.0,0.0303699354131635,4.0,11.6,28.8,10,1.0,19,15265800.0,2.0,NA,59.4,1,55.774305,37.642132
520,1.0,1.0,0.040223269509078986,2.0,NA,46.0,6,0.0,5,15400000.0,3.0,1,64.0,1,55.744526,37.580652
521,0.0,1.0,0.04584311930922551,7.0,NA,42.0,5,0.0,9,15558553.0,2.0,NA,55.0,1,55.776877,37.659371
522,0.0,1.0,0.015192013197732194,1.0,NA,37.0,4,0.0,3,15500000.0,3.0,1,60.1,1,55.767453,37.626286
523,1.0,1.0,0.025347886696922086,4.0,6.0,44.0,8.0,0.0,7.0,15500000.0,3.0,0.0,60.0,1.0,55.773241,37.603657
524,1.0,1.0,0.05406014402496491,10.0,10.0,30.0,5.0,0.0,11.0,15500000.0,2.0,0.0,51.0,0.0,55.765645,37.567087
525,0.0,1.0,0.016824639312625393,2.0,4.0,30.0,3.0,0.0,12.0,15500000.0,1.0,0.0,37.0,1.0,55.763067,37.605831
526,0.0,1.0,0.016824639312625393,2.0,7.0,27.0,4.0,0.0,10.0,15500000.0,2.0,1.0,37.0,1.0,55.763067,37.605831
527,0.0,1.0,0.025864786892611492,2.0,12.0,39.0,5.0,0.0,7.0,15500000.0,3.0,1.0,68.0,1.0,55.72926,37.628253
528,0.0,0.0,0.035997626199510746,7.0,7.4,31.7,3.0,0.0,8.0,15500000.0,2.0,1.0,50.2,1.0,55.755013,37.655787
529,1.0,1.0,0.036889066361184365,6.0,NA,40.0,10,0.0,9,15500000.0,2.0,NA,50.0,1,55.767053,37.585422
530,0.0,1.0,0.03274789832951083,7.0,NA,NA,5,1.0,7,15512784.0,1.0,NA,38.0,1,55.731075,37.64348
531,0.0,0.0,0.0331777141014886,2.0,NA,NA,8,1.0,7,15558049.0,1.0,NA,45.6,1,55.730857,37.643866
532,1.0,0.0,0.016364133738147844,11.0,15.0,170.0,4,0.0,11,381025800.0,NA,NA,285.0,1,55.738216,37.614545
533,0.0,0.0,0.02965122103724998,4.0,NA,41.0,10,1.0,11,37912067.0,1,NA,59.7,1,55.741531,37.646848
534,0.0,0.0,0.026074574320593305,4.0,NA,NA,9,0.0,8,520735260.0,4,NA,212.0,1,55.742514,37.596264
535,1.0,1.0,0.0303699354131635,2.0,14.5,32.7,10,1.0,19,15592500.0,2,NA,67.5,1,55.774305,37.642132
536,0.0,1.0,0.03299517643534986,3.0,8.0,31.9,5,1.0,7,15638200.0,1,NA,38.9,1,55.731551,37.644261
537,1.0,0.0,0.03598061268239167,9.0,8.0,30.0,10.0,0.0,17.0,15650000.0,2.0,0.0,45.0,0.0,55.740517,37.586338
538,0.0,1.0,0.033881933076495716,3.0,8.0,32.1,10,1.0,8,15680000.0,1,NA,39.2,1,55.767514,37.588871
539,1.0,1.0,0.03789928835743654,6.0,6.0,27.0,5.0,0.0,8.0,15700000.0,2.0,1.0,44.0,1.0,55.730112,37.590156
540,1.0,0.0,0.037480478185316767,4.0,10.8,29.7,6.0,0.0,7.0,15700000.0,2.0,1.0,56.2,1.0,55.765083,37.655526
541,1.0,1.0,0.05420112815246598,5.0,9.0,38.0,6.0,0.0,14.0,15750000.0,2.0,0.0,56.5,0.0,55.766116,37.567051
542,0.0,1.0,0.057247645934129836,2.0,8.0,41.3,5,1.0,9,15752100.0,2,NA,58.1,1,55.774958,37.672971
543,1.0,1.0,0.057252292617853,2.0,NA,45.0,7,0.0,5,15752100.0,2,NA,58.1,1,55.774948,37.67298
544,0.0,1.0,0.05830257457437118,2.0,NA,58.1,7,0.0,5,15752100.0,2,0,58.1,1,55.77517,37.674022
545,0.0,1.0,0.03274789832951083,2.0,NA,NA,5,1.0,6,15799301.0,1,NA,45.8,1,55.731075,37.64348
546,0.0,1.0,0.01824967805195443,3.0,7.0,30.0,4,0.0,8,15800000.0,2,NA,46.0,1,55.743416,37.634883
547,1.0,0.0,0.05355628658710285,6.0,7.0,48.0,8.0,0.0,6.0,15820000.0,2.0,1.0,58.0,1.0,55.768041,37.56821
548,0.0,0.0,0.0331777141014886,3.0,NA,NA,8,1.0,7,15839192.0,1,NA,39.4,1,55.730857,37.643866
549,0.0,1.0,0.03405682875724323,4.0,NA,NA,13,1.0,5,15840000.0,2,NA,35.2,1,55.764425,37.65214
550,1.0,0.0,0.04843948853982449,7.0,8.0,39.0,10.0,0.0,12.0,15850000.0,3.0,0.0,64.0,1.0,55.740618,37.66645
551,0.0,0.0,0.057247645934129836,5.0,NA,NA,5,0.0,5,15900000.0,2,NA,65.0,1,55.774958,37.672971
552,1.0,1.0,0.0202068438158984,10.0,NA,33.0,7,0.0,13,15900000.0,2,NA,53.0,1,55.73741,37.631757
553,0.0,1.0,0.03299517643534986,5.0,8.0,37.6,5,1.0,7,15937100.0,1,NA,45.8,1,55.731551,37.644261
554,1.0,1.0,0.06211392465462509,7.0,10.0,33.0,10.0,0.0,7.0,15990000.0,2.0,0.0,57.5,1.0,55.757369,37.557807
555,0.0,0.0,0.0331777141014886,2.0,NA,NA,8,1.0,7,15992190.0,1,NA,42.1,1,55.730857,37.643866
556,0.0,0.0,0.01957837615840838,6.0,9.0,20.0,3,0.0,16,16000000.0,1,NA,35.0,1,55.734151,37.61892
557,1.0,1.0,0.03967372239909233,5.0,10.0,20.0,12.0,0.0,8.0,16000000.0,2.0,1.0,40.0,1.0,55.767944,37.582781
558,0.0,0.0,0.09315014641427084,2.0,NA,45.5,14,0.0,17,16000000.0,3,1,72.0,1,55.774153,37.710692
559,1.0,1.0,0.06838467960734991,2.0,10.0,43.0,7.0,0.0,12.0,16000000.0,3.0,1.0,70.0,1.0,55.775636,37.684587
560,1.0,0.0,0.020338415474173442,4.0,16.0,89.0,6.0,0.0,7.0,154537714.0,4.0,0.0,157.0,1.0,55.733371,37.619683
561,1.0,1.0,0.0331777141014886,4.0,NA,59.0,8,1.0,7,25200000.0,2,NA,59.0,0,55.730857,37.643866
562,0.0,0.0,0.04148557012986822,2.0,11.1,124.0,12,0.0,5,219089835.0,4,NA,164.0,1,55.738449,37.581236
563,0.0,1.0,0.02343168113900488,4.0,6.0,38.1,5.0,0.0,7.0,16000000.0,2.0,1.0,54.1,1.0,55.730294,37.618929
564,0.0,0.0,0.05265429464915752,2.0,NA,35.0,5,0.0,12,16000000.0,2,NA,60.0,1,55.766552,37.568749
565,1.0,0.0,0.051907676359091895,16.0,9.0,47.0,5,0.0,17,16000000.0,3,NA,69.0,1,55.734805,37.668156
566,1.0,1.0,0.039220592971041,5.0,12.0,28.0,15,0.0,8,16000000.0,2,NA,45.0,1,55.767732,37.583185
567,1.0,0.0,0.025529223450784726,9.0,8.4,29.1,1.0,0.0,14.0,16000000.0,2.0,1.0,54.0,1.0,55.728322,37.622504
568,0.0,1.0,0.03274789832951083,4.0,NA,NA,5,1.0,7,16147815.0,1,NA,39.4,1,55.731075,37.64348
569,1.0,1.0,0.05797668242491641,3.0,NA,NA,5,1.0,13,16171878.0,1,NA,52.5,1,55.742073,37.67661
570,0.0,1.0,0.06023227394843969,5.0,NA,43.5,2,0.0,6,16200000.0,3,0,65.0,1,55.724013,37.56741
571,0.0,1.0,0.03274789832951083,3.0,NA,NA,5,1.0,6,16241633.0,1,NA,45.6,1,55.731075,37.64348
572,0.0,1.0,0.039023187209656654,6.0,6.0,18.1,5,0.0,7,16300000.0,1,NA,36.4,1,55.745235,37.581721
573,0.0,1.0,0.04807354570863183,5.0,6.2,48.0,3.0,0.0,8.0,16300000.0,3.0,1.0,60.0,1.0,55.761183,37.572324
574,0.0,0.0,0.03727814621195453,4.0,NA,43.0,6,0.0,8,16300000.0,3,1,65.0,1,55.768881,37.653864
575,0.0,1.0,0.052986631162962955,2.0,NA,54.0,5,0.0,6,16300000.0,3,1,75.0,1,55.76246,37.567554
576,0.0,1.0,0.03274789832951083,4.0,NA,NA,5,1.0,6,16313369.0,1,NA,45.5,1,55.731075,37.64348
577,0.0,1.0,0.0566480030539497,2.0,NA,52.0,8,0.0,5,16390000.0,3,1,86.0,1,55.76679,37.67493
578,1.0,1.0,0.04081720643306947,5.0,11.2,32.0,7.0,0.0,13.0,16400000.0,2.0,1.0,53.1,1.0,55.736164,37.656667
579,0.0,1.0,0.03274789832951083,6.0,NA,NA,5,1.0,7,16416367.0,1,NA,37.8,1,55.731075,37.64348
580,0.0,0.0,0.0331777141014886,2.0,NA,NA,8,1.0,7,16465925.0,2,NA,48.2,1,55.730857,37.643866
581,1.0,1.0,0.05129029339943148,5.0,NA,75.0,9,0.0,5,16500000.0,4,1,105.0,1,55.774315,37.666782
582,0.0,1.0,0.022234228387779307,8.0,5.0,39.0,2,0.0,10,16500000.0,2,NA,59.0,1,55.773525,37.629897
583,1.0,0.0,0.040682929651142855,3.0,8.0,48.0,5.0,0.0,12.0,16500000.0,3.0,1.0,70.0,1.0,55.789826,37.638539
584,0.0,1.0,0.016824639312625393,2.0,NA,36.0,3,0.0,9,16500000.0,1,0,42.0,1,55.763067,37.605831
585,0.0,0.0,0.03438263265079958,3.0,12.0,37.4,5.0,0.0,8.0,16500000.0,2.0,1.0,62.2,1.0,55.723207,37.603945
586,0.0,0.0,0.040682929651142855,3.0,10.0,51.0,3.0,0.0,12.0,16500000.0,3.0,0.0,70.0,1.0,55.789826,37.638539
587,1.0,0.0,0.06417576714773587,6.0,9.0,20.0,8.0,0.0,9.0,16500000.0,1.0,1.0,37.0,1.0,55.727029,37.561446
588,1.0,1.0,0.03159150241758314,7.0,15.0,50.0,5.0,0.0,14.0,37450000.0,3.0,0.0,91.0,1.0,55.722142,37.618569
589,0.0,0.0,0.021882458545601634,4.0,51.0,150.0,5.0,0.0,5.0,171461610.0,5.0,1.0,300.0,1.0,55.742843,37.600819
590,1.0,1.0,0.04534570057899799,14.0,NA,151.0,11,0.0,21,165377898.0,5,1,180.0,1,55.769094,37.577157
591,1.0,1.0,0.019591580666197133,14.0,8.0,25.0,3.0,0.0,17.0,16500000.0,2.0,1.0,40.0,1.0,55.742681,37.636006
592,1.0,0.0,0.040682929651142855,3.0,12.0,50.0,4.0,0.0,12.0,16500000.0,3.0,1.0,70.0,1.0,55.789826,37.638539
593,1.0,1.0,0.05420112815246598,14.0,10.0,33.3,6.0,0.0,14.0,16500000.0,2.0,0.0,60.0,1.0,55.766116,37.567051
594,1.0,0.0,0.04822010506002389,8.0,16.0,24.0,10.0,0.0,12.0,16500000.0,2.0,1.0,40.0,1.0,55.784805,37.656667
595,0.0,0.0,0.0024850050301718028,1.0,NA,52.0,3,0.0,8,16500000.0,2,1,80.0,1,55.7557,37.6213
596,1.0,0.0,0.05009186355087699,3.0,8.8,37.0,12.0,0.0,6.0,16500000.0,2.0,1.0,61.0,1.0,55.768446,37.571938
597,1.0,0.0,0.01957837615840838,7.0,10.0,20.0,3.0,0.0,14.0,16500000.0,1.0,1.0,36.0,1.0,55.734151,37.61892
598,1.0,0.0,0.06471457984874916,10.0,9.6,44.3,10.0,0.0,12.0,16500000.0,3.0,1.0,66.7,1.0,55.73737,37.682431
599,0.0,0.0,0.057247645934129836,2.0,NA,NA,5,0.0,5,16550900.0,2,NA,59.3,1,55.774958,37.672971
600,0.0,1.0,0.05830257457437118,2.0,NA,59.3,7,0.0,5,16550900.0,2,0,59.3,1,55.77517,37.674022
601,0.0,1.0,0.033881933076495716,5.0,8.0,34.0,10,1.0,8,16600000.0,1,NA,41.5,1,55.767514,37.588871
602,1.0,1.0,0.05797668242491641,11.0,NA,NA,5,1.0,13,16611278.0,1,NA,51.8,1,55.742073,37.67661
603,1.0,0.0,0.05797668242491641,4.0,11.7,NA,10,1.0,13,16627294.0,1,NA,51.7,1,55.742073,37.67661
604,1.0,0.0,0.05406014402496491,9.0,10.0,30.0,5,0.0,10,16650000.0,2,NA,55.0,1,55.765645,37.567087
605,1.0,0.0,0.05797668242491641,3.0,11.7,NA,10,1.0,13,16706142.0,1,NA,52.0,1,55.742073,37.67661
606,1.0,0.0,0.05797668242491641,10.0,12.9,19.2,10,1.0,13,16710419.0,1,NA,52.2,1,55.742073,37.67661
607,0.0,0.0,0.08567025895256879,10.0,15.5,61.5,6,1.0,NA,16735687.0,2,NA,61.5,1,55.751846,37.534163
608,1.0,0.0,0.06441520014716973,10.0,11.0,55.7,5.0,0.0,10.0,16800000.0,3.0,1.0,84.0,1.0,55.72856,37.679116
609,1.0,1.0,0.025626588243465438,4.0,8.0,29.0,5.0,0.0,14.0,16800000.0,2.0,1.0,52.0,1.0,55.779034,37.615893
610,0.0,1.0,0.03274789832951083,4.0,NA,NA,5,1.0,7,16812514.0,1,NA,42.1,1,55.731075,37.64348
611,0.0,1.0,0.05794304907406663,2.0,NA,58.6,7,0.0,5,16824060.0,1,0,58.6,1,55.775459,37.673519
612,0.0,1.0,0.033881933076495716,2.0,8.0,34.5,10,1.0,8,16840000.0,1,NA,42.1,1,55.767514,37.588871
613,0.0,0.0,0.08567025895256879,5.0,15.5,60.3,6,1.0,NA,16884000.0,2,NA,60.3,1,55.751846,37.534163
614,0.0,1.0,0.03274789832951083,6.0,NA,NA,5,1.0,7,16889373.0,1,NA,38.9,1,55.731075,37.64348
615,1.0,0.0,0.019591580666197133,14.0,7.0,23.0,5,0.0,17,16899000.0,2,NA,40.0,1,55.742681,37.636006
616,0.0,1.0,0.033881933076495716,1.0,NA,23.0,8,1.0,9,10800000.0,1,NA,27.0,1,55.767514,37.588871
617,0.0,0.0,0.0242599048637895,3.0,11.0,40.0,11.0,0.0,9.0,30000000.0,2.0,1.0,66.3,1.0,55.745787,37.642743
618,0.0,0.0,0.025996081243138836,6.0,44.0,65.0,10,0.0,7,88906020.0,4,NA,151.0,1,55.750013,37.594081
619,0.0,1.0,0.011476760257151311,2.0,10.0,23.0,10.0,0.0,9.0,16900000.0,1.0,1.0,47.0,1.0,55.74446,37.613018
620,1.0,0.0,0.02392502296759406,4.0,16.0,20.0,15.0,0.0,9.0,16900000.0,2.0,1.0,40.0,1.0,55.733477,37.632583
621,1.0,1.0,0.05466113387956688,2.0,9.0,31.7,1.0,0.0,15.0,16900000.0,2.0,1.0,62.4,0.0,55.78115,37.667087
622,0.0,0.0,0.051788618981394426,11.0,6.1,21.3,10.0,0.0,12.0,16900000.0,1.0,1.0,40.0,0.0,55.719389,37.581029
623,1.0,1.0,0.026109933837523733,4.0,5.0,27.0,10.0,0.0,8.0,16900000.0,2.0,1.0,41.0,1.0,55.747363,37.594486
624,0.0,1.0,0.0408243405947937,3.0,NA,48.1,7,0.0,5,16900000.0,3,1,71.5,1,55.767165,37.658356
625,0.0,1.0,0.03095766225024467,1.0,NA,36.0,7,0.0,6,17000000.0,2,NA,58.0,1,55.725615,37.632817
626,0.0,1.0,0.026047571115169043,3.0,NA,30.0,5,0.0,5,17000000.0,2,1,50.0,1,55.763169,37.644082
627,0.0,1.0,0.015749074893462053,1.0,NA,63.0,5,0.0,5,17000000.0,5,0,72.0,1,55.767793,37.626861
628,1.0,0.0,0.061302974560780536,8.0,9.0,33.0,7.0,0.0,9.0,17000000.0,2.0,1.0,55.0,1.0,55.73514,37.678236
629,0.0,0.0,0.036838909457256715,2.0,10.0,44.5,2.0,0.0,7.0,17000000.0,3.0,1.0,65.0,1.0,55.756194,37.656568
630,0.0,0.0,0.036831364147967394,1.0,9.2,35.5,7.0,0.0,9.0,17000000.0,2.0,1.0,57.0,1.0,55.770978,37.587281
631,1.0,1.0,0.020844194635438955,5.0,NA,31.0,9,0.0,5,17000000.0,2,1,52.0,1,55.73625,37.6312
632,0.0,1.0,0.03274789832951083,6.0,NA,NA,5,1.0,7,17106349.0,1,NA,39.4,1,55.731075,37.64348
633,0.0,0.0,0.05755051347294687,4.0,NA,NA,7,0.0,44,17139500.0,3,NA,84.0,1,55.770244,37.564689
634,0.0,1.0,0.03274789832951083,6.0,NA,NA,5,1.0,7,17149453.0,1,NA,45.2,1,55.731075,37.64348
635,1.0,1.0,0.038709811689030024,5.0,7.0,28.0,7.0,0.0,13.0,17150000.0,2.0,1.0,46.0,1.0,55.733254,37.586949
636,0.0,1.0,0.03274789832951083,2.0,NA,NA,5,1.0,7,17174697.0,1,NA,43.1,1,55.731075,37.64348
637,1.0,1.0,0.038709811689030024,5.0,7.0,27.0,15.0,0.0,13.0,17199000.0,2.0,1.0,46.0,1.0,55.733254,37.586949
638,0.0,1.0,0.038709811689030024,5.0,NA,28.0,10,0.0,13,17199000.0,2,1,46.0,1,55.733254,37.586949
639,0.0,0.0,0.06388380034093656,1.0,NA,52.0,5,0.0,8,17200000.0,3,1,80.0,1,55.72127,37.564778
640,0.0,0.0,0.06388380034093656,1.0,8.0,52.0,1.0,0.0,8.0,17200000.0,3.0,1.0,80.0,1.0,55.72127,37.564778
641,1.0,0.0,0.06322432051038358,4.0,32.0,10.0,4.0,0.0,17.0,17200000.0,2.0,1.0,55.0,1.0,55.766329,37.557861
642,0.0,0.0,0.08567025895256879,6.0,15.5,61.2,6,1.0,NA,17243100.0,2,NA,61.2,1,55.751846,37.534163
643,0.0,0.0,0.03967372239909233,5.0,NA,NA,7,0.0,8,17248000.0,1,NA,44.8,1,55.767944,37.582781
644,0.0,1.0,0.03159150241758314,10.0,12.0,42.0,5.0,0.0,13.0,30900000.0,2.0,0.0,75.0,1.0,55.722142,37.618569
645,1.0,1.0,0.04013046121090489,3.0,18.0,96.4,10.0,0.0,7.0,100000000.0,3.0,0.0,153.0,1.0,55.735368,37.584119
646,0.0,0.0,0.02669855250757989,4.0,NA,166.7,15,0.0,5,53000000.0,NA,1,265.0,1,55.756918,37.646318
647,0.0,1.0,0.03274789832951083,6.0,NA,NA,5,1.0,6,17303313.0,1,NA,45.5,1,55.731075,37.64348
648,0.0,0.0,0.05659464251145772,9.0,NA,NA,9,1.0,9,17403353.0,1,NA,37.8,1,55.775753,37.671938
649,0.0,1.0,0.033881933076495716,3.0,8.0,35.6,10,1.0,8,17360000.0,1,NA,43.4,1,55.767514,37.588871
650,0.0,1.0,0.03967372239909233,6.0,NA,34.0,12,0.0,8,17360000.0,1,NA,43.4,1,55.767944,37.582781
651,0.0,0.0,0.01930757605190311,6.0,NA,NA,4,0.0,6,17385000.0,1,1,31.0,1,55.763042,37.636715
652,0.0,0.0,0.01930757605190311,6.0,NA,25.5,4,0.0,6,17385000.0,2,NA,40.5,1,55.763042,37.636715
653,0.0,1.0,0.01930757605190311,6.0,8.0,17.0,4.0,0.0,6.0,17385000.0,1.0,0.0,30.5,1.0,55.763042,37.636715
654,0.0,0.0,0.01930757605190311,6.0,NA,NA,4,0.0,6,17385000.0,1,NA,30.5,1,55.763042,37.636715
655,0.0,0.0,0.01930757605190311,6.0,NA,30.5,5,0.0,6,17385000.0,1,0,30.5,1,55.763042,37.636715
656,0.0,1.0,0.01930757605190311,6.0,NA,30.5,2,0.0,6,17385000.0,1,0,30.5,1,55.763042,37.636715
657,1.0,1.0,0.01930757605190311,6.0,NA,41.0,4,0.0,6,17385000.0,1,0,41.0,1,55.763042,37.636715
658,0.0,1.0,0.01930757605190311,6.0,10.0,20.0,4,1.0,6,17385000.0,1,NA,30.5,1,55.763042,37.636715
659,1.0,0.0,0.0202068438158984,6.0,6.0,33.0,9.0,0.0,14.0,17400000.0,2.0,1.0,53.0,1.0,55.73741,37.631757
660,0.0,0.0,0.03672398106142729,10.0,NA,44.0,7,0.0,10,17450000.0,2,1,50.0,1,55.736316,37.652157
661,0.0,1.0,0.0702753537237668,11.0,NA,NA,13,1.0,21,17491610.0,1,NA,45.7,1,55.762163,37.550048
662,1.0,1.0,0.03967372239909233,7.0,10.0,20.0,12.0,0.0,8.0,17500000.0,2.0,1.0,45.0,1.0,55.767944,37.582781
663,1.0,1.0,0.022514735485897868,6.0,10.0,20.0,10.0,0.0,11.0,17500000.0,1.0,1.0,48.8,0.0,55.771434,37.60593
664,1.0,0.0,0.09897148088716981,3.0,10.0,55.0,15,0.0,8,17500000.0,3,NA,80.0,1,55.758711,37.520968
665,0.0,1.0,0.055122784263856084,7.0,NA,40.0,2,0.0,14,17500000.0,2,NA,69.2,1,55.780046,37.668237
666,0.0,0.0,0.057247645934129836,5.0,NA,NA,5,0.0,5,17537750.0,2,NA,65.0,1,55.774958,37.672971
667,1.0,1.0,0.057247645934129836,7.0,NA,52.2,7,0.0,10,17591000.0,1,0,52.2,1,55.774958,37.672971
668,0.0,1.0,0.05804118080294476,7.0,NA,52.2,3,0.0,10,17591400.0,2,0,52.2,1,55.774634,37.673951
669,0.0,1.0,0.03994169493148763,3.0,NA,52.0,5,0.0,6,17600000.0,3,1,63.0,1,55.779864,37.589626
670,1.0,1.0,0.06838467960734991,7.0,10.0,44.0,5.0,0.0,12.0,17700000.0,3.0,1.0,68.0,1.0,55.775636,37.684587
671,1.0,1.0,0.038157211349887026,5.0,7.0,30.0,7.0,0.0,9.0,17700000.0,2.0,1.0,54.0,0.0,55.738916,37.58464
672,1.0,1.0,0.042335542101171915,5.0,NA,35.0,5,0.0,5,18000000.0,2,NA,52.2,1,55.728859,37.585538
673,1.0,1.0,0.024918781852252995,6.0,10.0,42.0,2.0,0.0,8.0,35000000.0,3.0,0.0,69.0,1.0,55.731176,37.609173
674,0.0,0.0,0.024348186482777923,2.0,14.0,57.0,8,0.0,6,35999999.0,3,NA,85.0,1,55.760753,37.64312
675,0.0,0.0,0.01926407726832654,3.0,8.0,33.0,6.0,0.0,6.0,17700000.0,2.0,1.0,54.0,1.0,55.772077,37.614006
676,0.0,1.0,0.0369864944270219,2.0,NA,30.0,7,0.0,2,17700000.0,2,1,60.0,1,55.77835,37.647396
677,1.0,0.0,0.06404271988290619,3.0,14.0,34.0,5.0,0.0,17.0,17700000.0,2.0,0.0,60.0,0.0,55.76796,37.557376
678,0.0,1.0,0.023307816135367265,2.0,7.0,25.0,4.0,0.0,6.0,17781204.0,1.0,1.0,34.0,1.0,55.749147,37.596956
679,1.0,1.0,0.0303699354131635,14.0,12.4,27.5,10,1.0,19,17778600.0,2,NA,58.1,1,55.774305,37.642132
680,0.0,0.0,0.03967372239909233,5.0,NA,NA,10,0.0,8,17800000.0,1,NA,44.5,1,55.767944,37.582781
681,1.0,0.0,0.03720808944302169,6.0,7.0,32.0,8.0,0.0,9.0,17800000.0,2.0,1.0,46.8,1.0,55.730477,37.590749
682,0.0,0.0,0.057247645934129836,3.0,NA,NA,5,0.0,5,17839800.0,3,NA,68.0,1,55.774958,37.672971
683,0.0,0.0,0.057247645934129836,3.0,NA,NA,5,0.0,5,17839800.0,2,NA,68.0,1,55.774958,37.672971
684,0.0,1.0,0.057247645934129836,3.0,NA,54.0,7,0.0,6,17839800.0,3,NA,68.0,1,55.774958,37.672971
685,1.0,1.0,0.05794304907406663,3.0,NA,68.0,7,0.0,5,17839800.0,2,0,68.0,1,55.775459,37.673519
686,0.0,1.0,0.057247645934129836,2.0,11.0,46.4,5,1.0,9,17854200.0,2,NA,65.4,1,55.774958,37.672971
687,1.0,0.0,0.044947790924580094,3.0,9.0,38.0,5.0,0.0,8.0,17900000.0,2.0,1.0,58.0,1.0,55.757531,37.575028
688,1.0,0.0,0.05420112815246598,3.0,12.9,31.1,6.0,0.0,14.0,17950000.0,2.0,0.0,58.2,1.0,55.766116,37.567051
689,0.0,0.0,0.06917079835451133,3.0,NA,66.0,12,0.0,6,17950000.0,4,1,91.5,1,55.757977,37.550774
690,1.0,1.0,0.05265429464915752,11.0,8.6,30.6,7.0,0.0,12.0,17990000.0,2.0,0.0,60.9,1.0,55.766552,37.568749
691,0.0,0.0,0.026850260650505577,1.0,NA,56.0,7,0.0,4,18000000.0,3,1,84.0,1,55.778365,37.609182
692,0.0,1.0,0.054112515197505186,3.0,NA,42.9,5,0.0,4,18000000.0,2,0,63.8,1,55.72961,37.571363
693,0.0,1.0,0.041625866597587054,5.0,6.0,18.0,8.0,0.0,9.0,18000000.0,1.0,1.0,39.0,1.0,55.768522,37.580912
694,0.0,0.0,0.031793334207030975,7.0,NA,32.0,6,0.0,7,18000000.0,2,0,54.0,1,55.766309,37.590623
695,1.0,1.0,0.05082082045776088,9.0,11.7,31.5,10.0,0.0,16.0,18000000.0,2.0,1.0,54.0,1.0,55.771925,37.572369
696,1.0,1.0,0.04468053688128979,8.0,6.0,30.0,5.0,0.0,9.0,18000000.0,2.0,1.0,48.0,1.0,55.744059,37.576187
697,1.0,1.0,0.046405801706250464,6.0,NA,31.0,2,0.0,9,18000000.0,2,1,50.0,1,55.726533,37.582197
698,1.0,1.0,0.041625866597587054,5.0,9.0,20.0,10,0.0,9,18000000.0,1,NA,39.0,1,55.768522,37.580912
699,1.0,1.0,0.053376869971927254,5.0,9.0,45.0,6.0,0.0,5.0,18000000.0,3.0,1.0,66.0,1.0,55.744647,37.672415
700,0.0,0.0,0.04148557012986822,2.0,11.1,124.0,12,0.0,5,219089835.0,4,NA,164.0,1,55.738449,37.581236
701,0.0,0.0,0.024348186482777923,2.0,14.0,57.0,8,0.0,6,35999999.0,3,NA,85.0,1,55.760753,37.64312
702,0.0,1.0,0.03159150241758314,10.0,12.0,42.0,5.0,0.0,13.0,30900000.0,2.0,0.0,75.0,1.0,55.722142,37.618569
703,1.0,1.0,0.05797668242491641,13.0,10.4,28.7,5,1.0,13,18099200.0,2,NA,50.5,1,55.742073,37.67661
704,1.0,1.0,0.05498776908549774,6.0,9.0,35.0,5.0,0.0,14.0,18100000.0,2.0,0.0,55.9,1.0,55.766754,37.566395
705,1.0,1.0,0.05797668242491641,13.0,NA,NA,5,1.0,13,18102745.0,1,NA,52.1,1,55.742073,37.67661
706,1.0,1.0,0.05797668242491641,13.0,NA,NA,5,1.0,13,18144038.0,1,NA,51.7,1,55.742073,37.67661
707,0.0,1.0,0.033881933076495716,4.0,8.0,32.2,10,1.0,8,18160000.0,2,NA,45.4,1,55.767514,37.588871
708,1.0,1.0,0.05406014402496491,11.0,11.0,32.0,6.0,0.0,14.0,18200000.0,2.0,0.0,57.0,0.0,55.765645,37.567087
709,1.0,0.0,0.06417576714773587,7.0,8.0,33.0,8.0,0.0,11.0,18300000.0,2.0,1.0,55.0,1.0,55.727029,37.561446
710,0.0,1.0,0.009979231683850596,2.0,8.0,45.0,10,0.0,5,18300000.0,3,NA,61.0,1,55.744936,37.615057
711,0.0,0.0,0.057247645934129836,2.0,NA,NA,5,0.0,5,18390000.0,2,NA,61.0,1,55.774958,37.672971
712,0.0,1.0,0.05794304907406663,2.0,NA,60.9,7,0.0,5,18390000.0,2,0,60.9,1,55.775459,37.673519
713,0.0,0.0,0.042507320992974794,1.0,NA,54.9,8,0.0,6,18500000.0,3,1,82.4,1,55.765012,37.66079
714,1.0,0.0,0.06370305161450036,5.0,10.7,51.3,10.0,0.0,17.0,18500000.0,3.0,1.0,80.0,1.0,55.741166,37.682269
715,1.0,1.0,0.05265429464915752,11.0,10.0,30.0,7.0,0.0,12.0,18500000.0,2.0,0.0,52.0,0.0,55.766552,37.568749
716,0.0,0.0,0.0711800766858253,12.0,NA,NA,13,0.0,21,18500000.0,1,NA,56.0,1,55.761558,37.549067
717,0.0,0.0,0.027363001480101394,10.0,NA,38.0,10,0.0,16,18500000.0,3,NA,52.0,1,55.746056,37.593542
718,0.0,0.0,0.03935125128887119,1.0,8.0,36.9,3.0,0.0,24.0,18500000.0,2.0,1.0,51.0,1.0,55.759152,37.58084
719,0.0,0.0,0.03361586733969218,2.0,8.0,41.0,7.0,0.0,5.0,18500000.0,2.0,1.0,51.0,0.0,55.76485,37.651529
720,0.0,1.0,0.03935125128887119,1.0,17.0,24.0,3,0.0,30,18500000.0,1,NA,41.0,1,55.759152,37.58084
721,0.0,1.0,0.03274789832951083,4.0,NA,NA,5,1.0,7,18533894.0,2,NA,57.7,1,55.731075,37.64348
722,0.0,1.0,0.0331777141014886,7.0,6.0,35.0,9,1.0,7,18574516.0,2,NA,57.9,1,55.730857,37.643866
723,0.0,0.0,0.04253829842623973,5.0,NA,63.0,5,0.0,5,18600000.0,4,1,90.0,1,55.748782,37.577561
724,0.0,0.0,0.03033503337726678,4.0,12.0,56.0,4.0,0.0,6.0,18600000.0,3.0,1.0,80.0,0.0,55.773424,37.596758
725,0.0,1.0,0.04253829842623973,5.0,NA,61.0,3,0.0,5,18600000.0,4,1,90.0,1,55.748782,37.577561
726,1.0,0.0,0.044042025611909355,5.0,8.0,35.0,10.0,0.0,6.0,18600000.0,2.0,1.0,56.0,1.0,55.787943,37.592105
727,1.0,1.0,0.05797668242491641,2.0,NA,NA,5,1.0,13,18696634.0,2,NA,67.5,1,55.742073,37.67661
728,0.0,1.0,0.023809701090102813,3.0,NA,140.0,7,0.0,5,92081235.0,5,0,178.0,1,55.75633,37.596148
729,1.0,0.0,0.055467892379282256,3.0,NA,25.9,7,0.0,5,7850000.0,2,NA,41.0,1,55.764906,37.674139
730,0.0,0.0,0.0469570607683213,5.0,NA,NA,7,0.0,12,258200000.0,5,NA,258.2,1,55.723699,37.583697
731,1.0,1.0,0.031618570777316474,3.0,9.0,48.0,5.0,0.0,8.0,18800000.0,3.0,1.0,82.0,0.0,55.727602,37.63765
732,0.0,1.0,0.03274789832951083,1.0,NA,NA,5,1.0,6,18877252.0,2,NA,61.3,1,55.731075,37.64348
733,0.0,1.0,0.018307431633085215,3.0,NA,34.1,4,0.0,4,18900000.0,2,1,62.1,1,55.771742,37.622971
734,1.0,0.0,0.045015864425781225,4.0,8.5,54.0,10.0,0.0,6.0,19000000.0,3.0,1.0,80.0,1.0,55.791172,37.594854
735,1.0,0.0,0.054385670998892466,3.0,9.0,58.0,11.0,0.0,5.0,19000000.0,3.0,1.0,80.0,1.0,55.769676,37.567824
736,1.0,1.0,0.07055407119365877,3.0,10.0,49.0,11.0,0.0,25.0,19000000.0,3.0,1.0,80.5,1.0,55.73961,37.688944
737,0.0,1.0,0.04895138417859231,2.0,NA,NA,13,0.0,7,19000000.0,1,1,55.0,1,55.764951,37.667456
738,1.0,1.0,0.04627777480605391,8.0,8.2,25.3,6.0,0.0,12.0,19000000.0,2.0,1.0,43.9,1.0,55.742189,37.574992
739,0.0,1.0,0.03662814928439841,2.0,7.0,32.0,9.0,0.0,8.0,19000000.0,2.0,0.0,54.5,1.0,55.742215,37.585035
740,0.0,1.0,0.02559716462813755,6.0,NA,36.0,5,0.0,8,19000000.0,2,NA,62.0,1,55.77151,37.638207
741,1.0,1.0,0.04431021539103741,2.0,9.0,35.0,10.0,0.0,7.0,19000000.0,2.0,0.0,62.3,1.0,55.736001,37.660431
742,1.0,1.0,0.06130513617144574,12.0,NA,55.0,15,0.0,19,19000000.0,2,0,55.0,1,55.76057,37.680733
743,1.0,0.0,0.03567439597245919,4.0,9.0,48.0,10.0,0.0,7.0,19000000.0,3.0,1.0,76.0,1.0,55.789021,37.624885
744,1.0,1.0,0.06130513617144574,12.0,NA,54.1,21,0.0,19,19000000.0,1,0,54.1,1,55.76057,37.680733
745,0.0,1.0,0.024582406920393957,3.0,NA,NA,9,1.0,8,19096000.0,1,NA,50.8,1,55.770208,37.638036
746,0.0,0.0,0.024582406920393957,3.0,NA,NA,6,0.0,8,19096000.0,1,NA,50.8,1,55.770208,37.638036
747,0.0,0.0,0.024582406920393957,3.0,NA,NA,6,1.0,8,19096000.0,1,NA,50.8,1,55.770208,37.638036
748,0.0,0.0,0.024582406920393957,3.0,15.0,25.0,5.0,0.0,8.0,19096000.0,1.0,0.0,50.8,1.0,55.770208,37.638036
749,0.0,1.0,0.033881933076495716,6.0,NA,35.0,8,1.0,9,19240000.0,1,NA,48.1,1,55.767514,37.588871
750,0.0,0.0,0.024582406920393957,4.0,NA,NA,6,0.0,8,19332000.0,1,NA,49.0,1,55.770208,37.638036
751,0.0,1.0,0.024582406920393957,4.0,NA,48.8,7,1.0,8,19332000.0,1,NA,48.8,0,55.770208,37.638036
752,0.0,0.0,0.024582406920393957,4.0,NA,NA,6,1.0,8,19332000.0,1,NA,48.8,1,55.770208,37.638036
753,0.0,1.0,0.024582406920393957,4.0,15.0,25.0,5,0.0,8,19332000.0,1,NA,48.8,1,55.770208,37.638036
754,1.0,1.0,0.02689375258308253,2.0,9.0,27.0,6.0,0.0,12.0,19400000.0,2.0,1.0,57.0,1.0,55.776791,37.606011
755,0.0,0.0,0.055440545920837296,4.0,NA,NA,15,0.0,9,19500000.0,2,1,45.0,1,55.718633,37.576879
756,0.0,0.0,0.035057252331008676,6.0,NA,NA,5,1.0,9,96390000.0,3,NA,153.0,1,55.744738,37.653703
757,0.0,1.0,0.0587515018531467,4.0,NA,1.0,7,0.0,6,75443108.0,4,NA,153.0,1,55.759932,37.561392
758,0.0,1.0,0.021019947216873114,4.0,20.0,90.0,3.0,0.0,6.0,81900000.0,3.0,0.0,132.0,1.0,55.770259,37.632772
759,1.0,1.0,0.02689375258308253,2.0,9.6,30.0,5.0,0.0,12.0,19500000.0,2.0,1.0,60.0,1.0,55.776791,37.606011
760,1.0,1.0,0.060472611453454644,5.0,6.1,42.8,8.0,0.0,8.0,19500000.0,3.0,1.0,66.0,1.0,55.728353,37.564913
761,0.0,1.0,0.02343168113900488,2.0,NA,37.0,5,0.0,7,19500000.0,2,NA,56.0,1,55.730294,37.618929
762,1.0,0.0,0.033578820288988565,6.0,10.3,44.6,15.0,0.0,17.0,19500000.0,3.0,1.0,71.0,0.0,55.787153,37.622819
763,1.0,1.0,0.035926051564289845,4.0,6.0,35.3,5.0,0.0,8.0,19500000.0,2.0,1.0,56.1,1.0,55.773368,37.589743
764,1.0,0.0,0.025721590250217082,3.0,15.0,54.5,5,0.0,14,19500000.0,3,NA,78.8,1,55.730826,37.631559
765,1.0,1.0,0.057247645934129836,3.0,NA,60.9,7,0.0,5,19561000.0,2,0,60.9,1,55.774958,37.672971
766,1.0,1.0,0.05830257457437118,3.0,12.0,54.0,5,0.0,5,19610000.0,3,NA,85.0,1,55.77517,37.674022
767,0.0,1.0,0.04895138417859231,2.0,NA,30.0,10,1.0,7,19676800.0,1,NA,56.0,1,55.764951,37.667456
768,0.0,1.0,0.016824639312625393,8.0,NA,26.0,2,0.0,10,19700000.0,1,NA,32.0,1,55.763067,37.605831
769,0.0,0.0,0.04895138417859231,2.0,NA,NA,13,1.0,7,19723264.0,1,NA,54.4,1,55.764951,37.667456
770,1.0,0.0,0.07773399010085238,7.0,10.0,51.0,15,0.0,14,19800000.0,3,NA,82.0,1,55.773758,37.694917
771,1.0,1.0,0.024582406920393957,3.0,NA,30.0,12,1.0,8,19800000.0,1,NA,50.8,1,55.770208,37.638036
772,1.0,0.0,0.035046118772271,5.0,8.0,35.0,4.0,0.0,9.0,19900000.0,2.0,1.0,56.0,1.0,55.761269,37.585592
773,1.0,0.0,0.05750081782026687,2.0,10.5,NA,2,0.0,18,19900000.0,3,0,74.0,1,55.746436,37.676852
774,0.0,1.0,0.028872211830751327,1.0,NA,47.0,5,0.0,8,19900000.0,3,1,80.0,1,55.771859,37.642267
775,0.0,0.0,0.060614558193559806,2.0,NA,43.0,10,0.0,8,19900000.0,3,1,70.0,1,55.728738,37.564581
776,0.0,1.0,0.030281187988581742,1.0,11.0,71.0,5.0,0.0,4.0,19900000.0,5.0,1.0,100.0,1.0,55.780694,37.606074
777,1.0,0.0,0.030987264900277537,4.0,8.9,33.3,3.0,0.0,5.0,19950000.0,2.0,1.0,58.1,1.0,55.773024,37.595582
778,1.0,1.0,0.030987264900277537,4.0,8.9,33.3,5.0,0.0,5.0,19950000.0,2.0,1.0,58.1,1.0,55.773024,37.595582
779,0.0,1.0,0.016139228482180776,5.0,25.0,30.0,2.0,0.0,5.0,19990000.0,2.0,1.0,65.7,1.0,55.742995,37.631883
780,0.0,1.0,0.016139228482180776,5.0,8.0,41.0,2.0,0.0,5.0,19990000.0,3.0,1.0,65.7,1.0,55.742995,37.631883
781,0.0,0.0,0.03967372239909233,6.0,NA,NA,6,0.0,8,20000000.0,1,NA,50.0,1,55.767944,37.582781
782,1.0,1.0,0.053376869971927254,5.0,9.0,45.0,6,0.0,5,20000000.0,3,NA,66.0,1,55.744647,37.672415
783,0.0,0.0,0.03282106678643998,1.0,8.0,33.8,5.0,0.0,9.0,20000000.0,1.0,1.0,54.0,1.0,55.745853,37.587946
784,0.0,1.0,0.03159150241758314,3.0,18.0,86.2,7.0,0.0,12.0,64865000.0,4.0,0.0,154.0,1.0,55.722142,37.618569
785,1.0,1.0,0.03630708429493734,2.0,NA,36.8,5,0.0,10,21634000.0,1,NA,54.4,1,55.782906,37.598232
786,0.0,0.0,0.08102186381465154,1.0,9.0,32.4,10.0,0.0,5.0,10500000.0,2.0,1.0,53.3,1.0,55.762713,37.539293
787,1.0,1.0,0.06777209087080392,3.0,6.9,63.7,12.0,0.0,5.0,20000000.0,4.0,1.0,90.0,1.0,55.757354,37.552139
788,0.0,0.0,0.03714212489882838,6.0,9.0,47.0,2.0,0.0,14.0,20000000.0,3.0,1.0,68.0,0.0,55.754618,37.582682
789,0.0,0.0,0.05432545153976972,2.0,40.0,22.0,8.0,0.0,6.0,20000000.0,2.0,1.0,72.0,1.0,55.768066,37.567419
790,0.0,0.0,0.05432545153976972,2.0,12.0,50.0,8.0,0.0,6.0,20000000.0,3.0,1.0,72.0,1.0,55.768066,37.567419
791,0.0,0.0,0.04815161730409685,3.0,10.0,47.0,12,0.0,5,20000000.0,3,NA,70.0,1,55.737552,37.574453
792,0.0,1.0,0.011720544569259885,5.0,NA,28.7,9,0.0,5,20000000.0,2,1,57.5,1,55.747586,37.629807
793,0.0,0.0,0.03594237365561666,10.0,NA,37.0,5,0.0,10,20000000.0,2,1,70.0,1,55.735809,37.650981
794,1.0,1.0,0.03970235576134141,2.0,9.8,81.3,3.0,0.0,9.0,20000000.0,4.0,1.0,105.3,1.0,55.760231,37.658976
795,0.0,1.0,0.044292834318880044,2.0,NA,66.0,8,0.0,10,20000000.0,1,0,66.0,1,55.751903,37.664069
796,0.0,0.0,0.03354429675816899,5.0,NA,45.0,7,0.0,5,20000000.0,3,1,75.0,1,55.720332,37.616467
797,0.0,1.0,0.06916337181629975,4.0,NA,59.0,10,0.0,5,20000000.0,4,1,84.0,1,55.756158,37.550693
798,0.0,0.0,0.024582406920393957,4.0,NA,NA,6,0.0,8,20112000.0,1,NA,51.0,1,55.770208,37.638036
799,0.0,1.0,0.024582406920393957,4.0,15.0,25.0,5,0.0,6,20112000.0,1,NA,50.8,1,55.770208,37.638036
800,1.0,1.0,0.024582406920393957,4.0,10.0,23.0,6,1.0,8,20112000.0,1,NA,50.8,1,55.770208,37.638036
801,0.0,1.0,0.033881933076495716,6.0,8.0,35.7,10,1.0,8,20120000.0,2,NA,50.3,1,55.767514,37.588871
802,0.0,0.0,0.057247645934129836,3.0,NA,NA,5,0.0,5,20148100.0,3,NA,75.4,1,55.774958,37.672971
803,0.0,1.0,0.05830257457437118,3.0,NA,75.4,7,0.0,5,20148100.0,2,0,75.4,1,55.77517,37.674022
804,0.0,1.0,0.057014074797366136,2.0,NA,92.0,5,0.0,6,20258022.0,4,0,92.0,1,55.776294,37.672163
805,1.0,1.0,0.024582406920393957,3.0,NA,30.0,12,1.0,8,20300800.0,1,NA,48.8,1,55.770208,37.638036
806,0.0,1.0,0.024582406920393957,5.0,NA,25.0,6,0.0,8,20308000.0,1,NA,48.8,1,55.770208,37.638036
807,0.0,1.0,0.04895138417859231,2.0,8.0,44.6,15,1.0,7,20314000.0,1,NA,54.4,1,55.764951,37.667456
808,1.0,1.0,0.0303699354131635,2.0,10.2,52.9,10,1.0,19,20350000.0,3,NA,92.5,1,55.774305,37.642132
809,1.0,1.0,0.05797668242491641,2.0,NA,63.8,5,1.0,13,20384954.0,2,NA,63.8,0,55.742073,37.67661
810,1.0,0.0,0.06182368666619959,4.0,10.1,53.4,1.0,0.0,17.0,20400000.0,3.0,1.0,81.0,1.0,55.766106,37.559245
811,1.0,1.0,0.0566480030539497,3.0,NA,44.3,10,0.0,4,20450000.0,3,1,87.0,1,55.76679,37.67493
